DEPTO,MPIO,ESTRATO_PREDOMINANTE_INT,n_manzanas
Amazonas,Leticia,1.0,93
Amazonas,Leticia,2.0,140
Amazonas,Leticia,3.0,72
Amazonas,Puerto Nariño,1.0,26
Antioquia,Abejorral,1.0,30
Antioquia,Abejorral,2.0,80
Antioquia,Abejorral,3.0,8
Antioquia,Abriaquí,1.0,1
Antioquia,Abriaquí,2.0,19
Antioquia,Alejandría,2.0,21
Antioquia,Alejandría,3.0,2
Antioquia,Amagá,1.0,10
Antioquia,Amagá,2.0,93
Antioquia,Amagá,3.0,6
Antioquia,Amalfi,1.0,40
Antioquia,Amalfi,2.0,62
Antioquia,Amalfi,3.0,42
Antioquia,Andes,1.0,66
Antioquia,Andes,2.0,85
Antioquia,Andes,3.0,16
Antioquia,Angelópolis,1.0,2
Antioquia,Angelópolis,2.0,20
Antioquia,Angelópolis,3.0,2
Antioquia,Angostura,1.0,11
Antioquia,Angostura,2.0,20
Antioquia,Angostura,3.0,5
Antioquia,Anorí,1.0,15
Antioquia,Anorí,2.0,37
Antioquia,Anorí,3.0,7
Antioquia,Anzá,1.0,7
Antioquia,Anzá,2.0,11
Antioquia,Anzá,3.0,11
Antioquia,Apartadó,1.0,476
Antioquia,Apartadó,2.0,303
Antioquia,Apartadó,3.0,193
Antioquia,Apartadó,4.0,36
Antioquia,Apartadó,5.0,2
Antioquia,Arboletes,1.0,126
Antioquia,Arboletes,2.0,70
Antioquia,Arboletes,3.0,6
Antioquia,Argelia,1.0,39
Antioquia,Argelia,2.0,8
Antioquia,Armenia,2.0,17
Antioquia,Armenia,3.0,7
Antioquia,Barbosa,1.0,26
Antioquia,Barbosa,2.0,137
Antioquia,Barbosa,3.0,12
Antioquia,Bello,1.0,681
Antioquia,Bello,2.0,865
Antioquia,Bello,3.0,700
Antioquia,Bello,4.0,65
Antioquia,Belmira,1.0,2
Antioquia,Belmira,2.0,21
Antioquia,Betania,1.0,4
Antioquia,Betania,2.0,27
Antioquia,Betania,3.0,6
Antioquia,Betulia,1.0,19
Antioquia,Betulia,2.0,29
Antioquia,Betulia,3.0,10
Antioquia,Briceño,1.0,7
Antioquia,Briceño,2.0,30
Antioquia,Briceño,3.0,4
Antioquia,Buriticá,1.0,2
Antioquia,Buriticá,2.0,21
Antioquia,Caicedo,1.0,1
Antioquia,Caicedo,2.0,21
Antioquia,Caldas,1.0,14
Antioquia,Caldas,2.0,272
Antioquia,Caldas,3.0,94
Antioquia,Caldas,4.0,1
Antioquia,Campamento,1.0,5
Antioquia,Campamento,2.0,21
Antioquia,Campamento,3.0,2
Antioquia,Caracolí,1.0,24
Antioquia,Caracolí,2.0,26
Antioquia,Caramanta,1.0,10
Antioquia,Caramanta,2.0,13
Antioquia,Caramanta,3.0,17
Antioquia,Carepa,1.0,219
Antioquia,Carepa,2.0,265
Antioquia,Carepa,3.0,9
Antioquia,Carolina,1.0,11
Antioquia,Carolina,2.0,41
Antioquia,Caucasia,1.0,565
Antioquia,Caucasia,2.0,323
Antioquia,Caucasia,3.0,133
Antioquia,Caucasia,4.0,8
Antioquia,Cañasgordas,1.0,21
Antioquia,Cañasgordas,2.0,48
Antioquia,Chigorodó,1.0,342
Antioquia,Chigorodó,2.0,294
Antioquia,Chigorodó,3.0,6
Antioquia,Cisneros,1.0,48
Antioquia,Cisneros,2.0,54
Antioquia,Cisneros,3.0,20
Antioquia,Ciudad Bolívar,1.0,36
Antioquia,Ciudad Bolívar,2.0,65
Antioquia,Ciudad Bolívar,3.0,61
Antioquia,Cocorná,1.0,6
Antioquia,Cocorná,2.0,43
Antioquia,Cocorná,3.0,15
Antioquia,Concepción,1.0,4
Antioquia,Concepción,2.0,22
Antioquia,Concepción,3.0,7
Antioquia,Concordia,1.0,15
Antioquia,Concordia,2.0,51
Antioquia,Concordia,3.0,18
Antioquia,Copacabana,1.0,12
Antioquia,Copacabana,2.0,248
Antioquia,Copacabana,3.0,113
Antioquia,Copacabana,4.0,3
Antioquia,Copacabana,5.0,2
Antioquia,Copacabana,6.0,1
Antioquia,Cáceres,1.0,83
Antioquia,Cáceres,2.0,12
Antioquia,Dabeiba,1.0,66
Antioquia,Dabeiba,2.0,54
Antioquia,Dabeiba,3.0,21
Antioquia,Donmatías,2.0,98
Antioquia,Donmatías,3.0,27
Antioquia,Ebéjico,1.0,6
Antioquia,Ebéjico,2.0,24
Antioquia,Ebéjico,3.0,7
Antioquia,El Bagre,1.0,386
Antioquia,El Bagre,2.0,157
Antioquia,El Bagre,3.0,18
Antioquia,El Carmen De Viboral,1.0,1
Antioquia,El Carmen De Viboral,2.0,105
Antioquia,El Carmen De Viboral,3.0,192
Antioquia,El Santuario,1.0,26
Antioquia,El Santuario,2.0,104
Antioquia,El Santuario,3.0,24
Antioquia,Entrerríos,2.0,4
Antioquia,Entrerríos,3.0,42
Antioquia,Entrerríos,4.0,5
Antioquia,Entrerríos,5.0,1
Antioquia,Envigado,1.0,2
Antioquia,Envigado,2.0,196
Antioquia,Envigado,3.0,385
Antioquia,Envigado,4.0,98
Antioquia,Envigado,5.0,89
Antioquia,Envigado,6.0,12
Antioquia,Fredonia,1.0,21
Antioquia,Fredonia,2.0,48
Antioquia,Fredonia,3.0,24
Antioquia,Frontino,1.0,14
Antioquia,Frontino,2.0,49
Antioquia,Frontino,3.0,47
Antioquia,Frontino,4.0,3
Antioquia,Giraldo,1.0,14
Antioquia,Giraldo,2.0,8
Antioquia,Girardota,1.0,1
Antioquia,Girardota,2.0,147
Antioquia,Girardota,3.0,24
Antioquia,Granada,1.0,16
Antioquia,Granada,2.0,19
Antioquia,Granada,3.0,40
Antioquia,Guadalupe,1.0,9
Antioquia,Guadalupe,2.0,26
Antioquia,Guarne,2.0,61
Antioquia,Guarne,3.0,97
Antioquia,Guarne,4.0,1
Antioquia,Guatapé,2.0,65
Antioquia,Guatapé,3.0,8
Antioquia,Gómez Plata,1.0,21
Antioquia,Gómez Plata,2.0,63
Antioquia,Heliconia,1.0,18
Antioquia,Heliconia,2.0,34
Antioquia,Heliconia,3.0,1
Antioquia,Hispania,1.0,5
Antioquia,Hispania,2.0,36
Antioquia,Hispania,3.0,7
Antioquia,Itagüí,1.0,67
Antioquia,Itagüí,2.0,500
Antioquia,Itagüí,3.0,585
Antioquia,Itagüí,4.0,23
Antioquia,Itagüí,6.0,1
Antioquia,Ituango,1.0,18
Antioquia,Ituango,2.0,56
Antioquia,Ituango,3.0,8
Antioquia,Jardín,1.0,14
Antioquia,Jardín,2.0,45
Antioquia,Jardín,3.0,31
Antioquia,Jericó,1.0,6
Antioquia,Jericó,2.0,46
Antioquia,Jericó,3.0,28
Antioquia,La Ceja,2.0,56
Antioquia,La Ceja,3.0,345
Antioquia,La Ceja,4.0,73
Antioquia,La Ceja,5.0,6
Antioquia,La Estrella,1.0,13
Antioquia,La Estrella,2.0,236
Antioquia,La Estrella,3.0,98
Antioquia,La Estrella,4.0,17
Antioquia,La Pintada,1.0,32
Antioquia,La Pintada,2.0,33
Antioquia,La Pintada,3.0,3
Antioquia,La Unión,1.0,10
Antioquia,La Unión,2.0,102
Antioquia,La Unión,3.0,19
Antioquia,Liborina,1.0,16
Antioquia,Liborina,2.0,17
Antioquia,Liborina,3.0,9
Antioquia,Maceo,1.0,7
Antioquia,Maceo,2.0,31
Antioquia,Maceo,3.0,1
Antioquia,Marinilla,2.0,65
Antioquia,Marinilla,3.0,268
Antioquia,Marinilla,4.0,4
Antioquia,Medellín,1.0,2510
Antioquia,Medellín,2.0,4642
Antioquia,Medellín,3.0,3062
Antioquia,Medellín,4.0,952
Antioquia,Medellín,5.0,696
Antioquia,Medellín,6.0,236
Antioquia,Montebello,1.0,3
Antioquia,Montebello,2.0,9
Antioquia,Montebello,3.0,11
Antioquia,Murindó,1.0,25
Antioquia,Murindó,2.0,4
Antioquia,Mutatá,1.0,51
Antioquia,Mutatá,2.0,40
Antioquia,Nariño,1.0,4
Antioquia,Nariño,2.0,27
Antioquia,Nariño,3.0,1
Antioquia,Nechí,1.0,216
Antioquia,Nechí,2.0,1
Antioquia,Necoclí,1.0,100
Antioquia,Necoclí,2.0,58
Antioquia,Necoclí,3.0,4
Antioquia,Olaya,1.0,4
Antioquia,Olaya,2.0,4
Antioquia,Peque,1.0,15
Antioquia,Peque,2.0,19
Antioquia,Peñol,1.0,6
Antioquia,Peñol,2.0,146
Antioquia,Peñol,3.0,9
Antioquia,Pueblorrico,1.0,22
Antioquia,Pueblorrico,2.0,37
Antioquia,Pueblorrico,3.0,2
Antioquia,Puerto Berrío,1.0,252
Antioquia,Puerto Berrío,2.0,100
Antioquia,Puerto Berrío,3.0,34
Antioquia,Puerto Berrío,4.0,1
Antioquia,Puerto Nare,1.0,13
Antioquia,Puerto Nare,2.0,69
Antioquia,Puerto Nare,3.0,3
Antioquia,Puerto Triunfo,1.0,9
Antioquia,Puerto Triunfo,2.0,45
Antioquia,Remedios,1.0,44
Antioquia,Remedios,2.0,32
Antioquia,Remedios,3.0,8
Antioquia,Retiro,2.0,23
Antioquia,Retiro,3.0,72
Antioquia,Retiro,4.0,12
Antioquia,Retiro,5.0,11
Antioquia,Retiro,6.0,1
Antioquia,Rionegro,1.0,9
Antioquia,Rionegro,2.0,89
Antioquia,Rionegro,3.0,471
Antioquia,Rionegro,4.0,204
Antioquia,Rionegro,5.0,30
Antioquia,Sabanalarga,1.0,9
Antioquia,Sabanalarga,2.0,28
Antioquia,Sabanalarga,3.0,1
Antioquia,Sabaneta,1.0,1
Antioquia,Sabaneta,2.0,35
Antioquia,Sabaneta,3.0,130
Antioquia,Sabaneta,4.0,31
Antioquia,Salgar,1.0,24
Antioquia,Salgar,2.0,47
Antioquia,Salgar,3.0,16
Antioquia,San Andrés De Cuerquía,1.0,28
Antioquia,San Andrés De Cuerquía,2.0,12
Antioquia,San Carlos,1.0,14
Antioquia,San Carlos,2.0,64
Antioquia,San Carlos,3.0,16
Antioquia,San Francisco,1.0,16
Antioquia,San Francisco,2.0,27
Antioquia,San Jerónimo,1.0,3
Antioquia,San Jerónimo,2.0,54
Antioquia,San Jerónimo,3.0,6
Antioquia,San Jerónimo,4.0,5
Antioquia,San Jerónimo,5.0,3
Antioquia,San José De La Montaña,1.0,12
Antioquia,San José De La Montaña,2.0,39
Antioquia,San Juan De Urabá,1.0,115
Antioquia,San Juan De Urabá,2.0,5
Antioquia,San Luis,1.0,13
Antioquia,San Luis,2.0,49
Antioquia,San Luis,3.0,1
Antioquia,San Pedro De Los Milagros,2.0,59
Antioquia,San Pedro De Los Milagros,3.0,27
Antioquia,San Pedro De Los Milagros,4.0,1
Antioquia,San Pedro De Urabá,1.0,231
Antioquia,San Pedro De Urabá,2.0,20
Antioquia,San Rafael,1.0,7
Antioquia,San Rafael,2.0,95
Antioquia,San Rafael,3.0,4
Antioquia,San Roque,1.0,21
Antioquia,San Roque,2.0,58
Antioquia,San Roque,3.0,7
Antioquia,San Vicente Ferrer,1.0,3
Antioquia,San Vicente Ferrer,2.0,38
Antioquia,San Vicente Ferrer,3.0,17
Antioquia,Santa Bárbara,1.0,4
Antioquia,Santa Bárbara,2.0,38
Antioquia,Santa Bárbara,3.0,26
Antioquia,Santa Fé De Antioquia,1.0,41
Antioquia,Santa Fé De Antioquia,2.0,105
Antioquia,Santa Fé De Antioquia,3.0,28
Antioquia,Santa Fé De Antioquia,4.0,3
Antioquia,Santa Fé De Antioquia,5.0,1
Antioquia,Santa Rosa De Osos,1.0,2
Antioquia,Santa Rosa De Osos,2.0,140
Antioquia,Santa Rosa De Osos,3.0,14
Antioquia,Santo Domingo,1.0,5
Antioquia,Santo Domingo,2.0,32
Antioquia,Santo Domingo,3.0,10
Antioquia,Segovia,1.0,142
Antioquia,Segovia,2.0,88
Antioquia,Segovia,3.0,11
Antioquia,Sonsón,1.0,5
Antioquia,Sonsón,2.0,112
Antioquia,Sonsón,3.0,70
Antioquia,Sopetrán,1.0,16
Antioquia,Sopetrán,2.0,55
Antioquia,Sopetrán,3.0,9
Antioquia,Tarazá,1.0,229
Antioquia,Tarazá,2.0,47
Antioquia,Tarazá,3.0,1
Antioquia,Tarso,1.0,18
Antioquia,Tarso,2.0,18
Antioquia,Tarso,3.0,6
Antioquia,Titiribí,1.0,11
Antioquia,Titiribí,2.0,46
Antioquia,Titiribí,3.0,3
Antioquia,Toledo,1.0,26
Antioquia,Toledo,2.0,20
Antioquia,Toledo,3.0,1
Antioquia,Turbo,1.0,430
Antioquia,Turbo,2.0,121
Antioquia,Turbo,3.0,58
Antioquia,Támesis,1.0,1
Antioquia,Támesis,2.0,44
Antioquia,Támesis,3.0,45
Antioquia,Támesis,4.0,1
Antioquia,Uramita,1.0,20
Antioquia,Uramita,2.0,23
Antioquia,Urrao,1.0,30
Antioquia,Urrao,2.0,114
Antioquia,Urrao,3.0,43
Antioquia,Valdivia,1.0,22
Antioquia,Valdivia,2.0,13
Antioquia,Valdivia,3.0,1
Antioquia,Valparaíso,1.0,8
Antioquia,Valparaíso,2.0,48
Antioquia,Valparaíso,3.0,9
Antioquia,Vegachí,1.0,30
Antioquia,Vegachí,2.0,83
Antioquia,Venecia,1.0,7
Antioquia,Venecia,2.0,43
Antioquia,Venecia,3.0,32
Antioquia,Vigía Del Fuerte,1.0,47
Antioquia,Yalí,1.0,15
Antioquia,Yalí,2.0,23
Antioquia,Yalí,3.0,1
Antioquia,Yarumal,1.0,55
Antioquia,Yarumal,2.0,86
Antioquia,Yarumal,3.0,67
Antioquia,Yolombó,1.0,3
Antioquia,Yolombó,2.0,40
Antioquia,Yolombó,3.0,10
Antioquia,Yondó,1.0,148
Antioquia,Yondó,2.0,35
Antioquia,Yondó,3.0,4
Antioquia,Zaragoza,1.0,124
Antioquia,Zaragoza,2.0,28
Arauca,Arauca,1.0,531
Arauca,Arauca,2.0,278
Arauca,Arauca,3.0,55
Arauca,Arauca,4.0,10
Arauca,Arauquita,1.0,230
Arauca,Arauquita,2.0,42
Arauca,Arauquita,3.0,2
Arauca,Cravo Norte,1.0,83
Arauca,Cravo Norte,2.0,7
Arauca,Fortul,1.0,205
Arauca,Fortul,2.0,15
Arauca,Fortul,3.0,1
Arauca,Puerto Rondón,1.0,80
Arauca,Puerto Rondón,2.0,1
Arauca,Saravena,1.0,584
Arauca,Saravena,2.0,157
Arauca,Saravena,3.0,21
Arauca,Tame,1.0,398
Arauca,Tame,2.0,170
Arauca,Tame,3.0,51
"Archipiélago De San Andrés, Providencia Y Santa Catalina",Providencia,2.0,42
"Archipiélago De San Andrés, Providencia Y Santa Catalina",Providencia,3.0,4
"Archipiélago De San Andrés, Providencia Y Santa Catalina",San Andrés,1.0,125
"Archipiélago De San Andrés, Providencia Y Santa Catalina",San Andrés,2.0,185
"Archipiélago De San Andrés, Providencia Y Santa Catalina",San Andrés,3.0,125
"Archipiélago De San Andrés, Providencia Y Santa Catalina",San Andrés,4.0,13
"Archipiélago De San Andrés, Providencia Y Santa Catalina",San Andrés,5.0,8
"Archipiélago De San Andrés, Providencia Y Santa Catalina",San Andrés,6.0,1
Atlántico,Baranoa,1.0,483
Atlántico,Baranoa,2.0,182
Atlántico,Baranoa,3.0,46
Atlántico,Barranquilla,1.0,3505
Atlántico,Barranquilla,2.0,1902
Atlántico,Barranquilla,3.0,1480
Atlántico,Barranquilla,4.0,611
Atlántico,Barranquilla,5.0,194
Atlántico,Barranquilla,6.0,107
Atlántico,Campo De La Cruz,1.0,175
Atlántico,Campo De La Cruz,2.0,66
Atlántico,Campo De La Cruz,3.0,3
Atlántico,Candelaria,1.0,174
Atlántico,Candelaria,2.0,14
Atlántico,Galapa,1.0,403
Atlántico,Galapa,2.0,75
Atlántico,Galapa,3.0,67
Atlántico,Juan De Acosta,1.0,149
Atlántico,Juan De Acosta,2.0,27
Atlántico,Juan De Acosta,3.0,19
Atlántico,Luruaco,1.0,162
Atlántico,Luruaco,2.0,15
Atlántico,Malambo,1.0,1100
Atlántico,Malambo,2.0,131
Atlántico,Manatí,1.0,208
Atlántico,Manatí,2.0,26
Atlántico,Palmar De Varela,1.0,172
Atlántico,Palmar De Varela,2.0,88
Atlántico,Palmar De Varela,3.0,4
Atlántico,Piojó,1.0,63
Atlántico,Piojó,2.0,1
Atlántico,Polonuevo,1.0,86
Atlántico,Polonuevo,2.0,66
Atlántico,Polonuevo,3.0,5
Atlántico,Ponedera,1.0,152
Atlántico,Ponedera,2.0,42
Atlántico,Puerto Colombia,1.0,168
Atlántico,Puerto Colombia,2.0,138
Atlántico,Puerto Colombia,3.0,74
Atlántico,Puerto Colombia,4.0,9
Atlántico,Puerto Colombia,5.0,8
Atlántico,Puerto Colombia,6.0,11
Atlántico,Repelón,1.0,219
Atlántico,Repelón,2.0,24
Atlántico,Repelón,3.0,1
Atlántico,Sabanagrande,1.0,229
Atlántico,Sabanagrande,2.0,100
Atlántico,Sabanagrande,3.0,5
Atlántico,Sabanalarga,1.0,768
Atlántico,Sabanalarga,2.0,147
Atlántico,Sabanalarga,3.0,58
Atlántico,Sabanalarga,4.0,2
Atlántico,Santa Lucía,1.0,139
Atlántico,Santa Lucía,2.0,2
Atlántico,Santo Tomás,1.0,124
Atlántico,Santo Tomás,2.0,135
Atlántico,Santo Tomás,3.0,14
Atlántico,Soledad,1.0,3051
Atlántico,Soledad,2.0,2082
Atlántico,Soledad,3.0,78
Atlántico,Suan,1.0,88
Atlántico,Suan,2.0,32
Atlántico,Suan,3.0,11
Atlántico,Tubará,1.0,79
Atlántico,Tubará,2.0,34
Atlántico,Usiacurí,1.0,106
Atlántico,Usiacurí,2.0,51
Atlántico,Usiacurí,3.0,2
"Bogotá, D.C.","Bogotá, D.C.",1.0,6439
"Bogotá, D.C.","Bogotá, D.C.",2.0,15664
"Bogotá, D.C.","Bogotá, D.C.",3.0,12029
"Bogotá, D.C.","Bogotá, D.C.",4.0,2431
"Bogotá, D.C.","Bogotá, D.C.",5.0,991
"Bogotá, D.C.","Bogotá, D.C.",6.0,831
Bolívar,Achí,1.0,92
Bolívar,Altos Del Rosario,1.0,90
Bolívar,Arenal,1.0,94
Bolívar,Arjona,1.0,573
Bolívar,Arjona,2.0,75
Bolívar,Arjona,3.0,14
Bolívar,Arroyohondo,1.0,84
Bolívar,Barranco De Loba,1.0,137
Bolívar,Calamar,1.0,139
Bolívar,Calamar,2.0,4
Bolívar,Cantagallo,1.0,83
Bolívar,Cartagena De Indias,1.0,3636
Bolívar,Cartagena De Indias,2.0,2137
Bolívar,Cartagena De Indias,3.0,1241
Bolívar,Cartagena De Indias,4.0,258
Bolívar,Cartagena De Indias,5.0,80
Bolívar,Cartagena De Indias,6.0,51
Bolívar,Cicuco,1.0,196
Bolívar,Cicuco,2.0,1
Bolívar,Clemencia,1.0,174
Bolívar,Córdoba,1.0,119
Bolívar,El Carmen De Bolívar,1.0,750
Bolívar,El Carmen De Bolívar,2.0,55
Bolívar,El Carmen De Bolívar,3.0,5
Bolívar,El Guamo,1.0,101
Bolívar,El Peñón,1.0,68
Bolívar,Hatillo De Loba,1.0,38
Bolívar,Magangué,1.0,957
Bolívar,Magangué,2.0,306
Bolívar,Magangué,3.0,3
Bolívar,Mahates,1.0,207
Bolívar,Mahates,2.0,3
Bolívar,Margarita,1.0,8
Bolívar,María La Baja,1.0,342
Bolívar,María La Baja,2.0,25
Bolívar,Mompós,1.0,231
Bolívar,Mompós,2.0,33
Bolívar,Mompós,3.0,8
Bolívar,Montecristo,1.0,73
Bolívar,Morales,1.0,99
Bolívar,Morales,2.0,11
Bolívar,Norosí,1.0,38
Bolívar,Pinillos,1.0,54
Bolívar,Regidor,1.0,56
Bolívar,Río Viejo,1.0,103
Bolívar,San Cristóbal,1.0,119
Bolívar,San Estanislao,1.0,154
Bolívar,San Estanislao,2.0,19
Bolívar,San Fernando,1.0,25
Bolívar,San Jacinto,1.0,367
Bolívar,San Jacinto,2.0,28
Bolívar,San Jacinto Del Cauca,1.0,54
Bolívar,San Juan Nepomuceno,1.0,338
Bolívar,San Juan Nepomuceno,2.0,119
Bolívar,San Martín De Loba,1.0,145
Bolívar,San Pablo,1.0,292
Bolívar,San Pablo,2.0,4
Bolívar,Santa Catalina,1.0,90
Bolívar,Santa Rosa,1.0,229
Bolívar,Santa Rosa Del Sur,1.0,265
Bolívar,Santa Rosa Del Sur,2.0,23
Bolívar,Simití,1.0,112
Bolívar,Simití,2.0,12
Bolívar,Soplaviento,1.0,197
Bolívar,Soplaviento,2.0,6
Bolívar,Talaigua Nuevo,1.0,98
Bolívar,Talaigua Nuevo,2.0,1
Bolívar,Tiquisio,1.0,127
Bolívar,Turbaco,1.0,398
Bolívar,Turbaco,2.0,640
Bolívar,Turbaco,3.0,46
Bolívar,Turbaco,4.0,48
Bolívar,Turbaná,1.0,133
Bolívar,Turbaná,2.0,19
Bolívar,Villanueva,1.0,216
Bolívar,Zambrano,1.0,202
Boyacá,Almeida,2.0,14
Boyacá,Aquitania,1.0,4
Boyacá,Aquitania,2.0,77
Boyacá,Arcabuco,1.0,1
Boyacá,Arcabuco,2.0,42
Boyacá,Belén,2.0,87
Boyacá,Berbeo,1.0,2
Boyacá,Berbeo,2.0,14
Boyacá,Betéitiva,1.0,2
Boyacá,Betéitiva,2.0,9
Boyacá,Boavita,1.0,4
Boyacá,Boavita,2.0,37
Boyacá,Boyacá,1.0,3
Boyacá,Boyacá,2.0,20
Boyacá,Briceño,1.0,1
Boyacá,Briceño,2.0,13
Boyacá,Buenavista,2.0,16
Boyacá,Busbanzá,1.0,9
Boyacá,Busbanzá,2.0,7
Boyacá,Caldas,2.0,12
Boyacá,Campohermoso,1.0,4
Boyacá,Campohermoso,2.0,20
Boyacá,Cerinza,1.0,14
Boyacá,Cerinza,2.0,29
Boyacá,Chinavita,1.0,2
Boyacá,Chinavita,2.0,34
Boyacá,Chiquinquirá,1.0,67
Boyacá,Chiquinquirá,2.0,360
Boyacá,Chiquinquirá,3.0,150
Boyacá,Chiscas,1.0,21
Boyacá,Chiscas,2.0,7
Boyacá,Chita,1.0,9
Boyacá,Chita,2.0,37
Boyacá,Chitaraque,1.0,15
Boyacá,Chitaraque,2.0,10
Boyacá,Chivatá,1.0,7
Boyacá,Chivatá,2.0,10
Boyacá,Chivor,1.0,7
Boyacá,Chivor,2.0,11
Boyacá,Chíquiza,1.0,6
Boyacá,Chíquiza,2.0,6
Boyacá,Ciénega,2.0,32
Boyacá,Coper,1.0,9
Boyacá,Coper,2.0,10
Boyacá,Corrales,1.0,8
Boyacá,Corrales,2.0,31
Boyacá,Covarachía,2.0,13
Boyacá,Cubará,1.0,20
Boyacá,Cubará,2.0,28
Boyacá,Cucaita,1.0,9
Boyacá,Cucaita,2.0,26
Boyacá,Cuítiva,1.0,8
Boyacá,Cuítiva,2.0,6
Boyacá,Cómbita,1.0,3
Boyacá,Cómbita,2.0,26
Boyacá,Cómbita,3.0,1
Boyacá,Duitama,1.0,138
Boyacá,Duitama,2.0,571
Boyacá,Duitama,3.0,272
Boyacá,Duitama,4.0,52
Boyacá,Duitama,5.0,3
Boyacá,El Cocuy,1.0,20
Boyacá,El Cocuy,2.0,39
Boyacá,El Espino,1.0,2
Boyacá,El Espino,2.0,41
Boyacá,Firavitoba,1.0,1
Boyacá,Firavitoba,2.0,40
Boyacá,Floresta,1.0,4
Boyacá,Floresta,2.0,33
Boyacá,Gachantivá,1.0,2
Boyacá,Gachantivá,2.0,13
Boyacá,Garagoa,1.0,51
Boyacá,Garagoa,2.0,133
Boyacá,Garagoa,3.0,15
Boyacá,Guacamayas,1.0,6
Boyacá,Guacamayas,2.0,13
Boyacá,Guateque,1.0,18
Boyacá,Guateque,2.0,99
Boyacá,Guateque,3.0,24
Boyacá,Guayatá,2.0,34
Boyacá,Guayatá,3.0,2
Boyacá,Gámeza,1.0,6
Boyacá,Gámeza,2.0,19
Boyacá,Güicán De La Sierra,1.0,14
Boyacá,Güicán De La Sierra,2.0,18
Boyacá,Iza,1.0,9
Boyacá,Iza,2.0,29
Boyacá,Jenesano,1.0,2
Boyacá,Jenesano,2.0,39
Boyacá,Jenesano,3.0,1
Boyacá,Jericó,1.0,22
Boyacá,La Capilla,2.0,31
Boyacá,La Uvita,1.0,13
Boyacá,La Uvita,2.0,19
Boyacá,La Victoria,1.0,4
Boyacá,La Victoria,2.0,4
Boyacá,Labranzagrande,1.0,8
Boyacá,Labranzagrande,2.0,18
Boyacá,Macanal,1.0,1
Boyacá,Macanal,2.0,30
Boyacá,Maripí,1.0,2
Boyacá,Maripí,2.0,17
Boyacá,Miraflores,1.0,28
Boyacá,Miraflores,2.0,51
Boyacá,Mongua,1.0,10
Boyacá,Mongua,2.0,38
Boyacá,Monguí,1.0,3
Boyacá,Monguí,2.0,50
Boyacá,Moniquirá,1.0,21
Boyacá,Moniquirá,2.0,81
Boyacá,Moniquirá,3.0,51
Boyacá,Moniquirá,4.0,2
Boyacá,Motavita,2.0,17
Boyacá,Muzo,1.0,42
Boyacá,Muzo,2.0,44
Boyacá,Nobsa,2.0,75
Boyacá,Nuevo Colón,2.0,25
Boyacá,Oicatá,1.0,1
Boyacá,Oicatá,2.0,14
Boyacá,Otanche,1.0,41
Boyacá,Otanche,2.0,11
Boyacá,Pachavita,2.0,23
Boyacá,Paipa,1.0,7
Boyacá,Paipa,2.0,327
Boyacá,Paipa,3.0,45
Boyacá,Paipa,4.0,1
Boyacá,Pajarito,1.0,1
Boyacá,Pajarito,2.0,21
Boyacá,Panqueba,1.0,15
Boyacá,Panqueba,2.0,6
Boyacá,Pauna,1.0,7
Boyacá,Pauna,2.0,36
Boyacá,Paya,1.0,2
Boyacá,Paya,2.0,13
Boyacá,Paz De Río,1.0,4
Boyacá,Paz De Río,2.0,48
Boyacá,Paz De Río,3.0,1
Boyacá,Pesca,1.0,2
Boyacá,Pesca,2.0,54
Boyacá,Pisba,1.0,11
Boyacá,Puerto Boyacá,1.0,143
Boyacá,Puerto Boyacá,2.0,256
Boyacá,Puerto Boyacá,3.0,70
Boyacá,Páez,1.0,4
Boyacá,Páez,2.0,28
Boyacá,Quípama,1.0,10
Boyacá,Quípama,2.0,25
Boyacá,Ramiriquí,2.0,71
Boyacá,Ramiriquí,3.0,8
Boyacá,Rondón,1.0,5
Boyacá,Rondón,2.0,8
Boyacá,Ráquira,1.0,18
Boyacá,Ráquira,2.0,31
Boyacá,Saboyá,1.0,2
Boyacá,Saboyá,2.0,31
Boyacá,Samacá,1.0,19
Boyacá,Samacá,2.0,69
Boyacá,Samacá,3.0,15
Boyacá,San Eduardo,1.0,4
Boyacá,San Eduardo,2.0,17
Boyacá,San José De Pare,1.0,4
Boyacá,San José De Pare,2.0,22
Boyacá,San Luis De Gaceno,1.0,34
Boyacá,San Luis De Gaceno,2.0,16
Boyacá,San Luis De Gaceno,3.0,11
Boyacá,San Mateo,1.0,17
Boyacá,San Mateo,2.0,13
Boyacá,San Miguel De Sema,1.0,6
Boyacá,San Miguel De Sema,2.0,10
Boyacá,San Pablo De Borbur,1.0,4
Boyacá,San Pablo De Borbur,2.0,10
Boyacá,Santa María,1.0,23
Boyacá,Santa María,2.0,20
Boyacá,Santa María,3.0,7
Boyacá,Santa Rosa De Viterbo,1.0,6
Boyacá,Santa Rosa De Viterbo,2.0,69
Boyacá,Santa Rosa De Viterbo,3.0,38
Boyacá,Santa Sofía,2.0,21
Boyacá,Santa Sofía,3.0,1
Boyacá,Santana,1.0,7
Boyacá,Santana,2.0,38
Boyacá,Sativanorte,2.0,35
Boyacá,Sativasur,1.0,6
Boyacá,Sativasur,2.0,5
Boyacá,Siachoque,1.0,3
Boyacá,Siachoque,2.0,23
Boyacá,Soatá,1.0,69
Boyacá,Soatá,2.0,47
Boyacá,Socha,1.0,1
Boyacá,Socha,2.0,82
Boyacá,Socotá,2.0,23
Boyacá,Sogamoso,1.0,84
Boyacá,Sogamoso,2.0,967
Boyacá,Sogamoso,3.0,182
Boyacá,Sogamoso,4.0,35
Boyacá,Sogamoso,5.0,2
Boyacá,Somondoco,1.0,5
Boyacá,Somondoco,2.0,16
Boyacá,Sora,1.0,6
Boyacá,Sora,2.0,11
Boyacá,Soracá,2.0,28
Boyacá,Sotaquirá,2.0,29
Boyacá,Susacón,1.0,3
Boyacá,Susacón,2.0,17
Boyacá,Sutamarchán,1.0,1
Boyacá,Sutamarchán,2.0,44
Boyacá,Sutatenza,1.0,6
Boyacá,Sutatenza,2.0,22
Boyacá,Sáchica,1.0,24
Boyacá,Sáchica,2.0,21
Boyacá,Tasco,1.0,5
Boyacá,Tasco,2.0,33
Boyacá,Tenza,1.0,5
Boyacá,Tenza,2.0,28
Boyacá,Tibaná,1.0,10
Boyacá,Tibaná,2.0,33
Boyacá,Tibasosa,1.0,1
Boyacá,Tibasosa,2.0,80
Boyacá,Tibasosa,3.0,17
Boyacá,Tinjacá,2.0,23
Boyacá,Tipacoque,2.0,19
Boyacá,Toca,1.0,6
Boyacá,Toca,2.0,71
Boyacá,Togüí,2.0,17
Boyacá,Tota,1.0,13
Boyacá,Tota,2.0,5
Boyacá,Tunja,1.0,188
Boyacá,Tunja,2.0,615
Boyacá,Tunja,3.0,764
Boyacá,Tunja,4.0,261
Boyacá,Tunja,5.0,97
Boyacá,Tununguá,2.0,10
Boyacá,Turmequé,1.0,4
Boyacá,Turmequé,2.0,44
Boyacá,Tuta,1.0,13
Boyacá,Tuta,2.0,37
Boyacá,Tutazá,1.0,1
Boyacá,Tutazá,2.0,8
Boyacá,Tópaga,1.0,2
Boyacá,Tópaga,2.0,31
Boyacá,Ventaquemada,1.0,7
Boyacá,Ventaquemada,2.0,29
Boyacá,Villa De Leyva,1.0,7
Boyacá,Villa De Leyva,2.0,93
Boyacá,Villa De Leyva,3.0,45
Boyacá,Villa De Leyva,4.0,3
Boyacá,Viracachá,1.0,6
Boyacá,Viracachá,2.0,16
Boyacá,Zetaquira,1.0,8
Boyacá,Zetaquira,2.0,16
Boyacá,Úmbita,2.0,35
Caldas,Aguadas,1.0,48
Caldas,Aguadas,2.0,97
Caldas,Aguadas,3.0,11
Caldas,Anserma,1.0,73
Caldas,Anserma,2.0,87
Caldas,Anserma,3.0,116
Caldas,Anserma,4.0,1
Caldas,Aranzazu,1.0,50
Caldas,Aranzazu,2.0,29
Caldas,Aranzazu,3.0,16
Caldas,Belalcázar,1.0,40
Caldas,Belalcázar,2.0,53
Caldas,Belalcázar,3.0,21
Caldas,Chinchiná,1.0,85
Caldas,Chinchiná,2.0,256
Caldas,Chinchiná,3.0,96
Caldas,Chinchiná,4.0,59
Caldas,Chinchiná,5.0,6
Caldas,Filadelfia,1.0,20
Caldas,Filadelfia,2.0,34
Caldas,Filadelfia,3.0,17
Caldas,La Dorada,1.0,179
Caldas,La Dorada,2.0,369
Caldas,La Dorada,3.0,183
Caldas,La Dorada,4.0,9
Caldas,La Merced,1.0,5
Caldas,La Merced,2.0,31
Caldas,La Merced,3.0,8
Caldas,Manizales,1.0,420
Caldas,Manizales,2.0,983
Caldas,Manizales,3.0,1196
Caldas,Manizales,4.0,344
Caldas,Manizales,5.0,100
Caldas,Manizales,6.0,166
Caldas,Manzanares,1.0,56
Caldas,Manzanares,2.0,91
Caldas,Manzanares,3.0,7
Caldas,Marmato,1.0,10
Caldas,Marmato,2.0,11
Caldas,Marmato,3.0,1
Caldas,Marmato,4.0,2
Caldas,Marquetalia,1.0,46
Caldas,Marquetalia,2.0,13
Caldas,Marquetalia,3.0,8
Caldas,Marulanda,1.0,4
Caldas,Marulanda,2.0,17
Caldas,Marulanda,3.0,3
Caldas,Neira,1.0,2
Caldas,Neira,2.0,61
Caldas,Neira,3.0,78
Caldas,Norcasia,1.0,23
Caldas,Norcasia,2.0,54
Caldas,Palestina,1.0,53
Caldas,Palestina,2.0,44
Caldas,Palestina,3.0,10
Caldas,Palestina,4.0,1
Caldas,Pensilvania,1.0,24
Caldas,Pensilvania,2.0,49
Caldas,Pensilvania,3.0,13
Caldas,Pácora,1.0,29
Caldas,Pácora,2.0,104
Caldas,Pácora,3.0,6
Caldas,Riosucio,1.0,34
Caldas,Riosucio,2.0,94
Caldas,Riosucio,3.0,102
Caldas,Risaralda,1.0,28
Caldas,Risaralda,2.0,47
Caldas,Risaralda,3.0,1
Caldas,Salamina,1.0,45
Caldas,Salamina,2.0,80
Caldas,Salamina,3.0,22
Caldas,Samaná,1.0,29
Caldas,Samaná,2.0,40
Caldas,Samaná,3.0,8
Caldas,San José,1.0,4
Caldas,San José,2.0,22
Caldas,Supía,1.0,8
Caldas,Supía,2.0,103
Caldas,Supía,3.0,67
Caldas,Victoria,1.0,50
Caldas,Victoria,2.0,26
Caldas,Victoria,3.0,12
Caldas,Villamaría,1.0,75
Caldas,Villamaría,2.0,192
Caldas,Villamaría,3.0,180
Caldas,Villamaría,4.0,13
Caldas,Viterbo,1.0,58
Caldas,Viterbo,2.0,77
Caldas,Viterbo,3.0,27
Caldas,Viterbo,4.0,1
Caquetá,Albania,1.0,40
Caquetá,Belén De Los Andaquíes,1.0,101
Caquetá,Belén De Los Andaquíes,2.0,6
Caquetá,Cartagena Del Chairá,1.0,234
Caquetá,Cartagena Del Chairá,2.0,9
Caquetá,Curillo,1.0,115
Caquetá,Curillo,2.0,11
Caquetá,El Doncello,1.0,167
Caquetá,El Doncello,2.0,41
Caquetá,El Doncello,3.0,40
Caquetá,El Paujíl,1.0,90
Caquetá,El Paujíl,2.0,46
Caquetá,El Paujíl,3.0,2
Caquetá,Florencia,1.0,1670
Caquetá,Florencia,2.0,421
Caquetá,Florencia,3.0,116
Caquetá,Florencia,4.0,22
Caquetá,La Montañita,1.0,38
Caquetá,La Montañita,2.0,3
Caquetá,Milán,1.0,20
Caquetá,Morelia,1.0,28
Caquetá,Morelia,2.0,11
Caquetá,Puerto Rico,1.0,210
Caquetá,Puerto Rico,2.0,17
Caquetá,Puerto Rico,3.0,6
Caquetá,San José Del Fragua,1.0,100
Caquetá,San José Del Fragua,2.0,6
Caquetá,San Vicente Del Caguán,1.0,237
Caquetá,San Vicente Del Caguán,2.0,127
Caquetá,San Vicente Del Caguán,3.0,19
Caquetá,Solano,1.0,55
Caquetá,Solita,1.0,80
Caquetá,Valparaíso,1.0,47
Caquetá,Valparaíso,2.0,1
Casanare,Aguazul,1.0,126
Casanare,Aguazul,2.0,326
Casanare,Aguazul,3.0,32
Casanare,Aguazul,4.0,1
Casanare,Chámeza,1.0,34
Casanare,Chámeza,2.0,5
Casanare,Hato Corozal,1.0,77
Casanare,Hato Corozal,2.0,49
Casanare,La Salina,1.0,16
Casanare,La Salina,2.0,1
Casanare,Maní,1.0,120
Casanare,Maní,2.0,86
Casanare,Monterrey,1.0,177
Casanare,Monterrey,2.0,67
Casanare,Monterrey,3.0,1
Casanare,Nunchía,1.0,27
Casanare,Nunchía,2.0,22
Casanare,Orocué,1.0,70
Casanare,Orocué,2.0,56
Casanare,Paz De Ariporo,1.0,465
Casanare,Paz De Ariporo,2.0,49
Casanare,Pore,1.0,84
Casanare,Pore,2.0,57
Casanare,Recetor,1.0,9
Casanare,Sabanalarga,1.0,5
Casanare,Sabanalarga,2.0,43
Casanare,San Luis De Palenque,1.0,30
Casanare,San Luis De Palenque,2.0,43
Casanare,Sácama,1.0,21
Casanare,Sácama,2.0,8
Casanare,Tauramena,1.0,216
Casanare,Tauramena,2.0,74
Casanare,Tauramena,3.0,18
Casanare,Trinidad,1.0,118
Casanare,Trinidad,2.0,28
Casanare,Trinidad,3.0,1
Casanare,Támara,1.0,42
Casanare,Villanueva,1.0,187
Casanare,Villanueva,2.0,201
Casanare,Villanueva,3.0,36
Casanare,Yopal,1.0,699
Casanare,Yopal,2.0,785
Casanare,Yopal,3.0,304
Casanare,Yopal,4.0,43
Casanare,Yopal,5.0,3
Cauca,Almaguer,1.0,37
Cauca,Argelia,1.0,46
Cauca,Balboa,1.0,90
Cauca,Balboa,2.0,3
Cauca,Bolívar,1.0,63
Cauca,Bolívar,2.0,10
Cauca,Bolívar,3.0,2
Cauca,Buenos Aires,1.0,21
Cauca,Cajibío,1.0,26
Cauca,Cajibío,2.0,10
Cauca,Caldono,1.0,25
Cauca,Caloto,1.0,85
Cauca,Caloto,2.0,1
Cauca,Corinto,1.0,117
Cauca,Corinto,2.0,60
Cauca,Corinto,3.0,3
Cauca,El Tambo,1.0,43
Cauca,El Tambo,2.0,2
Cauca,Florencia,1.0,24
Cauca,Guachené,1.0,100
Cauca,Guachené,2.0,1
Cauca,Guapi,1.0,164
Cauca,Guapi,3.0,1
Cauca,Inzá,1.0,18
Cauca,Inzá,2.0,6
Cauca,Jambaló,1.0,18
Cauca,Jambaló,2.0,6
Cauca,La Sierra,1.0,34
Cauca,La Vega,1.0,29
Cauca,López De Micay,1.0,32
Cauca,Mercaderes,1.0,111
Cauca,Mercaderes,2.0,1
Cauca,Miranda,1.0,163
Cauca,Miranda,2.0,118
Cauca,Morales,1.0,20
Cauca,Morales,2.0,10
Cauca,Padilla,1.0,107
Cauca,Padilla,2.0,4
Cauca,Patía,1.0,159
Cauca,Patía,2.0,36
Cauca,Patía,3.0,2
Cauca,Piamonte,1.0,43
Cauca,Piendamó - Tunía,1.0,135
Cauca,Piendamó - Tunía,2.0,66
Cauca,Piendamó - Tunía,3.0,6
Cauca,Popayán,1.0,764
Cauca,Popayán,2.0,1025
Cauca,Popayán,3.0,672
Cauca,Popayán,4.0,395
Cauca,Popayán,5.0,69
Cauca,Popayán,6.0,16
Cauca,Puerto Tejada,1.0,150
Cauca,Puerto Tejada,2.0,248
Cauca,Puerto Tejada,3.0,20
Cauca,Puracé,1.0,18
Cauca,Puracé,2.0,18
Cauca,Páez,1.0,45
Cauca,Páez,2.0,10
Cauca,Rosas,1.0,15
Cauca,San Sebastián,1.0,23
Cauca,Santa Rosa,1.0,22
Cauca,Santander De Quilichao,1.0,198
Cauca,Santander De Quilichao,2.0,286
Cauca,Santander De Quilichao,3.0,111
Cauca,Silvia,1.0,47
Cauca,Silvia,2.0,42
Cauca,Silvia,3.0,10
Cauca,Sotará - Paispamba,1.0,11
Cauca,Sotará - Paispamba,2.0,7
Cauca,Sucre,1.0,31
Cauca,Suárez,1.0,83
Cauca,Timbiquí,1.0,75
Cauca,Timbío,1.0,140
Cauca,Timbío,2.0,35
Cauca,Toribío,1.0,41
Cauca,Toribío,2.0,3
Cauca,Totoró,1.0,28
Cauca,Villa Rica,1.0,185
Cauca,Villa Rica,2.0,2
Cesar,Aguachica,1.0,970
Cesar,Aguachica,2.0,252
Cesar,Aguachica,3.0,26
Cesar,Aguachica,4.0,7
Cesar,Agustín Codazzi,1.0,627
Cesar,Agustín Codazzi,2.0,149
Cesar,Agustín Codazzi,3.0,11
Cesar,Agustín Codazzi,4.0,1
Cesar,Astrea,1.0,191
Cesar,Astrea,2.0,4
Cesar,Becerril,1.0,343
Cesar,Becerril,2.0,17
Cesar,Bosconia,1.0,470
Cesar,Bosconia,2.0,60
Cesar,Bosconia,3.0,3
Cesar,Chimichagua,1.0,213
Cesar,Chimichagua,2.0,30
Cesar,Chiriguaná,1.0,210
Cesar,Chiriguaná,2.0,51
Cesar,Curumaní,1.0,353
Cesar,Curumaní,2.0,44
Cesar,El Copey,1.0,374
Cesar,El Copey,2.0,51
Cesar,El Paso,1.0,128
Cesar,El Paso,2.0,1
Cesar,Gamarra,1.0,76
Cesar,Gamarra,2.0,65
Cesar,González,2.0,34
Cesar,La Gloria,1.0,84
Cesar,La Gloria,2.0,8
Cesar,La Jagua De Ibirico,1.0,480
Cesar,La Jagua De Ibirico,2.0,52
Cesar,La Paz,1.0,164
Cesar,La Paz,2.0,96
Cesar,La Paz,3.0,9
Cesar,Manaure Balcón Del Cesar,1.0,128
Cesar,Manaure Balcón Del Cesar,2.0,15
Cesar,Pailitas,1.0,190
Cesar,Pailitas,2.0,43
Cesar,Pelaya,1.0,203
Cesar,Pelaya,2.0,9
Cesar,Pelaya,3.0,1
Cesar,Pueblo Bello,1.0,125
Cesar,Pueblo Bello,2.0,6
Cesar,Río De Oro,1.0,73
Cesar,Río De Oro,2.0,48
Cesar,Río De Oro,3.0,12
Cesar,San Alberto,1.0,143
Cesar,San Alberto,2.0,90
Cesar,San Alberto,3.0,28
Cesar,San Diego,1.0,132
Cesar,San Diego,2.0,54
Cesar,San Martín,1.0,190
Cesar,San Martín,2.0,30
Cesar,San Martín,3.0,2
Cesar,Tamalameque,1.0,129
Cesar,Valledupar,1.0,1578
Cesar,Valledupar,2.0,1215
Cesar,Valledupar,3.0,702
Cesar,Valledupar,4.0,177
Cesar,Valledupar,5.0,95
Cesar,Valledupar,6.0,35
Chocó,Acandí,1.0,129
Chocó,Alto Baudó,1.0,16
Chocó,Atrato,1.0,35
Chocó,Bagadó,1.0,35
Chocó,Bahía Solano,1.0,66
Chocó,Bahía Solano,2.0,1
Chocó,Bajo Baudó,1.0,14
Chocó,Bojayá,1.0,18
Chocó,Carmen Del Darién,1.0,23
Chocó,Condoto,1.0,106
Chocó,Condoto,2.0,1
Chocó,Cértegui,1.0,50
Chocó,El Cantón Del San Pablo,1.0,32
Chocó,El Carmen De Atrato,1.0,7
Chocó,El Carmen De Atrato,2.0,36
Chocó,El Carmen De Atrato,3.0,1
Chocó,El Litoral Del San Juan,1.0,13
Chocó,El Litoral Del San Juan,2.0,1
Chocó,Istmina,1.0,307
Chocó,Istmina,2.0,9
Chocó,Juradó,1.0,15
Chocó,Lloró,1.0,47
Chocó,Medio Atrato,1.0,16
Chocó,Medio Baudó,1.0,13
Chocó,Medio San Juan,1.0,46
Chocó,Nuquí,1.0,18
Chocó,Nóvita,1.0,42
Chocó,Quibdó,1.0,871
Chocó,Quibdó,2.0,26
Chocó,Quibdó,3.0,48
Chocó,Riosucio,1.0,174
Chocó,Río Iró,1.0,15
Chocó,Río Quito,1.0,41
Chocó,San José Del Palmar,1.0,20
Chocó,San José Del Palmar,2.0,9
Chocó,Sipí,1.0,6
Chocó,Sipí,2.0,1
Chocó,Tadó,1.0,164
Chocó,Unguía,1.0,89
Chocó,Unión Panamericana,1.0,37
Cundinamarca,Agua De Dios,1.0,43
Cundinamarca,Agua De Dios,2.0,119
Cundinamarca,Agua De Dios,3.0,2
Cundinamarca,Albán,1.0,5
Cundinamarca,Albán,2.0,24
Cundinamarca,Anapoima,1.0,6
Cundinamarca,Anapoima,2.0,27
Cundinamarca,Anapoima,3.0,47
Cundinamarca,Anapoima,4.0,15
Cundinamarca,Anapoima,5.0,16
Cundinamarca,Anapoima,6.0,1
Cundinamarca,Anolaima,1.0,24
Cundinamarca,Anolaima,2.0,47
Cundinamarca,Anolaima,3.0,14
Cundinamarca,Apulo,1.0,30
Cundinamarca,Apulo,2.0,54
Cundinamarca,Apulo,3.0,7
Cundinamarca,Arbeláez,1.0,3
Cundinamarca,Arbeláez,2.0,66
Cundinamarca,Arbeláez,3.0,27
Cundinamarca,Arbeláez,4.0,5
Cundinamarca,Beltrán,1.0,15
Cundinamarca,Bituima,2.0,16
Cundinamarca,Bojacá,2.0,97
Cundinamarca,Bojacá,3.0,5
Cundinamarca,Cabrera,1.0,5
Cundinamarca,Cabrera,2.0,25
Cundinamarca,Cachipay,1.0,4
Cundinamarca,Cachipay,2.0,28
Cundinamarca,Cachipay,3.0,38
Cundinamarca,Cajicá,1.0,1
Cundinamarca,Cajicá,2.0,199
Cundinamarca,Cajicá,3.0,53
Cundinamarca,Cajicá,4.0,20
Cundinamarca,Cajicá,5.0,7
Cundinamarca,Cajicá,6.0,5
Cundinamarca,Caparrapí,1.0,26
Cundinamarca,Caparrapí,2.0,43
Cundinamarca,Carmen De Carupa,1.0,4
Cundinamarca,Carmen De Carupa,2.0,32
Cundinamarca,Chaguaní,2.0,24
Cundinamarca,Chipaque,1.0,1
Cundinamarca,Chipaque,2.0,37
Cundinamarca,Chipaque,3.0,7
Cundinamarca,Choachí,2.0,66
Cundinamarca,Choachí,3.0,12
Cundinamarca,Chocontá,1.0,7
Cundinamarca,Chocontá,2.0,159
Cundinamarca,Chía,1.0,1
Cundinamarca,Chía,2.0,342
Cundinamarca,Chía,3.0,116
Cundinamarca,Chía,4.0,50
Cundinamarca,Chía,5.0,12
Cundinamarca,Chía,6.0,16
Cundinamarca,Cogua,1.0,3
Cundinamarca,Cogua,2.0,77
Cundinamarca,Cogua,3.0,14
Cundinamarca,Cota,2.0,92
Cundinamarca,Cota,3.0,15
Cundinamarca,Cota,5.0,2
Cundinamarca,Cucunubá,2.0,20
Cundinamarca,Cucunubá,3.0,1
Cundinamarca,Cáqueza,1.0,31
Cundinamarca,Cáqueza,2.0,58
Cundinamarca,Cáqueza,3.0,7
Cundinamarca,El Colegio,1.0,1
Cundinamarca,El Colegio,2.0,151
Cundinamarca,El Colegio,3.0,29
Cundinamarca,El Peñón,1.0,1
Cundinamarca,El Peñón,2.0,14
Cundinamarca,El Rosal,2.0,146
Cundinamarca,El Rosal,3.0,24
Cundinamarca,Facatativá,1.0,172
Cundinamarca,Facatativá,2.0,409
Cundinamarca,Facatativá,3.0,217
Cundinamarca,Facatativá,4.0,79
Cundinamarca,Fosca,1.0,2
Cundinamarca,Fosca,2.0,22
Cundinamarca,Funza,1.0,16
Cundinamarca,Funza,2.0,275
Cundinamarca,Funza,3.0,183
Cundinamarca,Fusagasugá,1.0,29
Cundinamarca,Fusagasugá,2.0,467
Cundinamarca,Fusagasugá,3.0,536
Cundinamarca,Fusagasugá,4.0,273
Cundinamarca,Fusagasugá,5.0,34
Cundinamarca,Fusagasugá,6.0,21
Cundinamarca,Fómeque,2.0,57
Cundinamarca,Fómeque,3.0,13
Cundinamarca,Fúquene,1.0,1
Cundinamarca,Fúquene,2.0,7
Cundinamarca,Gachalá,1.0,10
Cundinamarca,Gachalá,2.0,25
Cundinamarca,Gachancipá,2.0,81
Cundinamarca,Gachancipá,3.0,3
Cundinamarca,Gachetá,1.0,4
Cundinamarca,Gachetá,2.0,51
Cundinamarca,Gama,2.0,21
Cundinamarca,Girardot,1.0,203
Cundinamarca,Girardot,2.0,589
Cundinamarca,Girardot,3.0,439
Cundinamarca,Girardot,4.0,72
Cundinamarca,Girardot,5.0,20
Cundinamarca,Girardot,6.0,2
Cundinamarca,Granada,2.0,20
Cundinamarca,Granada,3.0,7
Cundinamarca,Guachetá,1.0,2
Cundinamarca,Guachetá,2.0,59
Cundinamarca,Guachetá,3.0,1
Cundinamarca,Guaduas,1.0,57
Cundinamarca,Guaduas,2.0,200
Cundinamarca,Guaduas,3.0,22
Cundinamarca,Guaduas,4.0,12
Cundinamarca,Guasca,1.0,4
Cundinamarca,Guasca,2.0,79
Cundinamarca,Guasca,3.0,17
Cundinamarca,Guataquí,1.0,33
Cundinamarca,Guataquí,2.0,2
Cundinamarca,Guatavita,2.0,28
Cundinamarca,Guatavita,3.0,44
Cundinamarca,Guayabal De Síquima,1.0,3
Cundinamarca,Guayabal De Síquima,2.0,24
Cundinamarca,Guayabal De Síquima,3.0,1
Cundinamarca,Guayabetal,1.0,1
Cundinamarca,Guayabetal,2.0,15
Cundinamarca,Gutiérrez,1.0,9
Cundinamarca,Gutiérrez,2.0,14
Cundinamarca,Jerusalén,1.0,6
Cundinamarca,Jerusalén,2.0,12
Cundinamarca,Junín,1.0,3
Cundinamarca,Junín,2.0,20
Cundinamarca,La Calera,2.0,101
Cundinamarca,La Calera,3.0,17
Cundinamarca,La Calera,4.0,1
Cundinamarca,La Mesa,1.0,2
Cundinamarca,La Mesa,2.0,104
Cundinamarca,La Mesa,3.0,141
Cundinamarca,La Mesa,4.0,18
Cundinamarca,La Palma,1.0,15
Cundinamarca,La Palma,2.0,58
Cundinamarca,La Peña,1.0,5
Cundinamarca,La Peña,2.0,10
Cundinamarca,La Vega,1.0,1
Cundinamarca,La Vega,2.0,53
Cundinamarca,La Vega,3.0,34
Cundinamarca,La Vega,4.0,4
Cundinamarca,Lenguazaque,1.0,2
Cundinamarca,Lenguazaque,2.0,51
Cundinamarca,Lenguazaque,3.0,3
Cundinamarca,Machetá,1.0,4
Cundinamarca,Machetá,2.0,32
Cundinamarca,Madrid,2.0,469
Cundinamarca,Madrid,3.0,122
Cundinamarca,Madrid,4.0,7
Cundinamarca,Manta,1.0,3
Cundinamarca,Manta,2.0,20
Cundinamarca,Medina,1.0,8
Cundinamarca,Medina,2.0,64
Cundinamarca,Mosquera,1.0,70
Cundinamarca,Mosquera,2.0,373
Cundinamarca,Mosquera,3.0,179
Cundinamarca,Mosquera,4.0,18
Cundinamarca,Mosquera,5.0,1
Cundinamarca,Nariño,1.0,29
Cundinamarca,Nariño,2.0,16
Cundinamarca,Nariño,3.0,1
Cundinamarca,Nemocón,1.0,14
Cundinamarca,Nemocón,2.0,61
Cundinamarca,Nemocón,3.0,4
Cundinamarca,Nilo,1.0,1
Cundinamarca,Nilo,2.0,52
Cundinamarca,Nilo,3.0,1
Cundinamarca,Nimaima,1.0,1
Cundinamarca,Nimaima,2.0,17
Cundinamarca,Nocaima,1.0,3
Cundinamarca,Nocaima,2.0,24
Cundinamarca,Nocaima,3.0,12
Cundinamarca,Pacho,1.0,37
Cundinamarca,Pacho,2.0,149
Cundinamarca,Pacho,3.0,55
Cundinamarca,Pacho,4.0,9
Cundinamarca,Paime,1.0,12
Cundinamarca,Paime,2.0,3
Cundinamarca,Pandi,2.0,33
Cundinamarca,Paratebueno,1.0,20
Cundinamarca,Paratebueno,2.0,36
Cundinamarca,Pasca,1.0,10
Cundinamarca,Pasca,2.0,29
Cundinamarca,Pasca,3.0,8
Cundinamarca,Puerto Salgar,1.0,154
Cundinamarca,Puerto Salgar,2.0,34
Cundinamarca,Puerto Salgar,3.0,14
Cundinamarca,Pulí,1.0,13
Cundinamarca,Pulí,2.0,5
Cundinamarca,Quebradanegra,1.0,2
Cundinamarca,Quebradanegra,2.0,12
Cundinamarca,Quetame,1.0,4
Cundinamarca,Quetame,2.0,31
Cundinamarca,Quipile,1.0,1
Cundinamarca,Quipile,2.0,12
Cundinamarca,Quipile,3.0,1
Cundinamarca,Ricaurte,1.0,57
Cundinamarca,Ricaurte,2.0,11
Cundinamarca,Ricaurte,3.0,18
Cundinamarca,Ricaurte,4.0,13
Cundinamarca,Ricaurte,6.0,2
Cundinamarca,San Antonio Del Tequendama,2.0,26
Cundinamarca,San Bernardo,1.0,10
Cundinamarca,San Bernardo,2.0,58
Cundinamarca,San Bernardo,3.0,4
Cundinamarca,San Cayetano,2.0,15
Cundinamarca,San Francisco,1.0,1
Cundinamarca,San Francisco,2.0,35
Cundinamarca,San Francisco,3.0,23
Cundinamarca,San Juan De Rioseco,1.0,1
Cundinamarca,San Juan De Rioseco,2.0,64
Cundinamarca,San Juan De Rioseco,3.0,1
Cundinamarca,Sasaima,1.0,5
Cundinamarca,Sasaima,2.0,30
Cundinamarca,Sasaima,3.0,14
Cundinamarca,Sesquilé,2.0,47
Cundinamarca,Sesquilé,3.0,5
Cundinamarca,Sibaté,1.0,7
Cundinamarca,Sibaté,2.0,222
Cundinamarca,Sibaté,3.0,26
Cundinamarca,Silvania,1.0,1
Cundinamarca,Silvania,2.0,74
Cundinamarca,Silvania,3.0,40
Cundinamarca,Silvania,4.0,5
Cundinamarca,Simijaca,1.0,24
Cundinamarca,Simijaca,2.0,92
Cundinamarca,Simijaca,3.0,14
Cundinamarca,Soacha,1.0,1656
Cundinamarca,Soacha,2.0,1425
Cundinamarca,Soacha,3.0,565
Cundinamarca,Sopó,2.0,66
Cundinamarca,Sopó,3.0,82
Cundinamarca,Sopó,4.0,1
Cundinamarca,Subachoque,2.0,59
Cundinamarca,Subachoque,3.0,17
Cundinamarca,Suesca,1.0,1
Cundinamarca,Suesca,2.0,76
Cundinamarca,Suesca,3.0,14
Cundinamarca,Supatá,2.0,23
Cundinamarca,Supatá,3.0,12
Cundinamarca,Susa,1.0,2
Cundinamarca,Susa,2.0,47
Cundinamarca,Sutatausa,1.0,2
Cundinamarca,Sutatausa,2.0,30
Cundinamarca,Sutatausa,3.0,2
Cundinamarca,Tabio,2.0,28
Cundinamarca,Tabio,3.0,33
Cundinamarca,Tabio,4.0,1
Cundinamarca,Tausa,1.0,2
Cundinamarca,Tausa,2.0,28
Cundinamarca,Tena,2.0,24
Cundinamarca,Tenjo,1.0,2
Cundinamarca,Tenjo,2.0,49
Cundinamarca,Tenjo,3.0,41
Cundinamarca,Tenjo,4.0,1
Cundinamarca,Tibacuy,1.0,1
Cundinamarca,Tibacuy,2.0,20
Cundinamarca,Tibirita,2.0,17
Cundinamarca,Tocaima,1.0,62
Cundinamarca,Tocaima,2.0,96
Cundinamarca,Tocaima,3.0,31
Cundinamarca,Tocancipá,2.0,101
Cundinamarca,Tocancipá,3.0,40
Cundinamarca,Tocancipá,4.0,3
Cundinamarca,Topaipí,1.0,15
Cundinamarca,Topaipí,2.0,9
Cundinamarca,Ubalá,1.0,1
Cundinamarca,Ubalá,2.0,30
Cundinamarca,Ubaque,1.0,3
Cundinamarca,Ubaque,2.0,25
Cundinamarca,Une,2.0,47
Cundinamarca,Venecia,1.0,1
Cundinamarca,Venecia,2.0,18
Cundinamarca,Vergara,1.0,10
Cundinamarca,Vergara,2.0,20
Cundinamarca,Vianí,1.0,6
Cundinamarca,Vianí,2.0,23
Cundinamarca,Villa De San Diego De Ubaté,1.0,12
Cundinamarca,Villa De San Diego De Ubaté,2.0,258
Cundinamarca,Villa De San Diego De Ubaté,3.0,39
Cundinamarca,Villagómez,1.0,4
Cundinamarca,Villagómez,2.0,17
Cundinamarca,Villapinzón,1.0,1
Cundinamarca,Villapinzón,2.0,95
Cundinamarca,Villapinzón,3.0,6
Cundinamarca,Villeta,1.0,68
Cundinamarca,Villeta,2.0,142
Cundinamarca,Villeta,3.0,47
Cundinamarca,Villeta,4.0,2
Cundinamarca,Viotá,1.0,4
Cundinamarca,Viotá,2.0,99
Cundinamarca,Yacopí,1.0,13
Cundinamarca,Yacopí,2.0,46
Cundinamarca,Zipacón,1.0,2
Cundinamarca,Zipacón,2.0,27
Cundinamarca,Zipaquirá,1.0,125
Cundinamarca,Zipaquirá,2.0,395
Cundinamarca,Zipaquirá,3.0,189
Cundinamarca,Zipaquirá,4.0,54
Cundinamarca,Útica,1.0,43
Cundinamarca,Útica,2.0,33
Córdoba,Ayapel,1.0,436
Córdoba,Ayapel,2.0,34
Córdoba,Ayapel,3.0,1
Córdoba,Buenavista,1.0,147
Córdoba,Buenavista,2.0,9
Córdoba,Canalete,1.0,77
Córdoba,Cereté,1.0,407
Córdoba,Cereté,2.0,291
Córdoba,Cereté,3.0,52
Córdoba,Cereté,4.0,5
Córdoba,Chimá,1.0,61
Córdoba,Chinú,1.0,289
Córdoba,Chinú,2.0,55
Córdoba,Chinú,3.0,11
Córdoba,Ciénaga De Oro,1.0,353
Córdoba,Ciénaga De Oro,2.0,53
Córdoba,Ciénaga De Oro,3.0,1
Córdoba,Cotorra,1.0,76
Córdoba,La Apartada,1.0,178
Córdoba,La Apartada,2.0,11
Córdoba,Lorica,1.0,875
Córdoba,Lorica,2.0,103
Córdoba,Lorica,3.0,6
Córdoba,Los Córdobas,1.0,74
Córdoba,Los Córdobas,2.0,1
Córdoba,Momil,1.0,190
Córdoba,Momil,2.0,7
Córdoba,Montelíbano,1.0,691
Córdoba,Montelíbano,2.0,178
Córdoba,Montelíbano,3.0,102
Córdoba,Montelíbano,4.0,8
Córdoba,Montería,1.0,2881
Córdoba,Montería,2.0,880
Córdoba,Montería,3.0,429
Córdoba,Montería,4.0,134
Córdoba,Montería,5.0,54
Córdoba,Montería,6.0,40
Córdoba,Moñitos,1.0,128
Córdoba,Moñitos,2.0,1
Córdoba,Planeta Rica,1.0,373
Córdoba,Planeta Rica,2.0,152
Córdoba,Planeta Rica,3.0,32
Córdoba,Pueblo Nuevo,1.0,117
Córdoba,Pueblo Nuevo,2.0,16
Córdoba,Puerto Escondido,1.0,94
Córdoba,Puerto Libertador,1.0,201
Córdoba,Puerto Libertador,2.0,3
Córdoba,Purísima De La Concepción,1.0,166
Córdoba,Purísima De La Concepción,2.0,3
Córdoba,Sahagún,1.0,497
Córdoba,Sahagún,2.0,266
Córdoba,Sahagún,3.0,73
Córdoba,Sahagún,4.0,16
Córdoba,San Andrés De Sotavento,1.0,112
Córdoba,San Andrés De Sotavento,2.0,16
Córdoba,San Antero,1.0,230
Córdoba,San Antero,2.0,9
Córdoba,San Bernardo Del Viento,1.0,180
Córdoba,San Carlos,1.0,79
Córdoba,San José De Uré,1.0,110
Córdoba,San José De Uré,2.0,1
Córdoba,San Pelayo,1.0,161
Córdoba,San Pelayo,2.0,15
Córdoba,Tierralta,1.0,732
Córdoba,Tierralta,2.0,18
Córdoba,Tuchín,1.0,86
Córdoba,Valencia,1.0,207
Córdoba,Valencia,2.0,5
Guainía,Inírida,1.0,193
Guainía,Inírida,2.0,73
Guainía,Inírida,3.0,1
Guaviare,Calamar,1.0,103
Guaviare,El Retorno,1.0,67
Guaviare,El Retorno,2.0,3
Guaviare,Miraflores,1.0,46
Guaviare,Miraflores,2.0,1
Guaviare,San José Del Guaviare,1.0,269
Guaviare,San José Del Guaviare,2.0,164
Guaviare,San José Del Guaviare,3.0,25
Huila,Acevedo,1.0,70
Huila,Acevedo,2.0,17
Huila,Agrado,1.0,123
Huila,Agrado,2.0,7
Huila,Aipe,1.0,85
Huila,Aipe,2.0,75
Huila,Algeciras,1.0,135
Huila,Algeciras,2.0,78
Huila,Altamira,1.0,7
Huila,Altamira,2.0,56
Huila,Baraya,1.0,55
Huila,Baraya,2.0,9
Huila,Baraya,3.0,4
Huila,Campoalegre,1.0,254
Huila,Campoalegre,2.0,153
Huila,Campoalegre,3.0,13
Huila,Colombia,1.0,39
Huila,Colombia,2.0,21
Huila,Elías,1.0,26
Huila,Elías,2.0,3
Huila,Garzón,1.0,188
Huila,Garzón,2.0,329
Huila,Garzón,3.0,78
Huila,Garzón,4.0,14
Huila,Gigante,1.0,47
Huila,Gigante,2.0,140
Huila,Gigante,3.0,7
Huila,Guadalupe,1.0,40
Huila,Guadalupe,2.0,46
Huila,Guadalupe,3.0,1
Huila,Hobo,1.0,53
Huila,Hobo,2.0,66
Huila,Isnos,1.0,103
Huila,Isnos,2.0,13
Huila,La Argentina,1.0,80
Huila,La Argentina,2.0,17
Huila,La Plata,1.0,150
Huila,La Plata,2.0,246
Huila,La Plata,3.0,30
Huila,Neiva,1.0,1225
Huila,Neiva,2.0,2422
Huila,Neiva,3.0,373
Huila,Neiva,4.0,177
Huila,Neiva,5.0,36
Huila,Neiva,6.0,3
Huila,Nátaga,1.0,40
Huila,Nátaga,2.0,16
Huila,Oporapa,1.0,37
Huila,Oporapa,2.0,9
Huila,Paicol,1.0,9
Huila,Paicol,2.0,47
Huila,Paicol,3.0,4
Huila,Palermo,1.0,73
Huila,Palermo,2.0,112
Huila,Palermo,3.0,17
Huila,Palestina,1.0,24
Huila,Palestina,2.0,15
Huila,Pital,1.0,54
Huila,Pital,2.0,30
Huila,Pitalito,1.0,577
Huila,Pitalito,2.0,328
Huila,Pitalito,3.0,162
Huila,Pitalito,4.0,4
Huila,Rivera,1.0,59
Huila,Rivera,2.0,183
Huila,Rivera,3.0,9
Huila,Rivera,4.0,3
Huila,Saladoblanco,1.0,23
Huila,Saladoblanco,2.0,17
Huila,San Agustín,1.0,86
Huila,San Agustín,2.0,79
Huila,San Agustín,3.0,19
Huila,Santa María,1.0,21
Huila,Santa María,2.0,41
Huila,Suaza,1.0,43
Huila,Suaza,2.0,17
Huila,Tarqui,1.0,78
Huila,Tarqui,2.0,16
Huila,Tello,1.0,82
Huila,Tello,2.0,21
Huila,Tello,3.0,1
Huila,Teruel,1.0,25
Huila,Teruel,2.0,48
Huila,Teruel,3.0,2
Huila,Tesalia,1.0,89
Huila,Tesalia,2.0,20
Huila,Timaná,1.0,80
Huila,Timaná,2.0,42
Huila,Timaná,3.0,6
Huila,Villavieja,1.0,30
Huila,Villavieja,2.0,33
Huila,Yaguará,1.0,23
Huila,Yaguará,2.0,77
Huila,Yaguará,3.0,7
Huila,Íquira,1.0,22
Huila,Íquira,2.0,41
La Guajira,Albania,1.0,147
La Guajira,Albania,2.0,3
La Guajira,Albania,3.0,1
La Guajira,Barrancas,1.0,254
La Guajira,Barrancas,2.0,85
La Guajira,Barrancas,3.0,25
La Guajira,Dibulla,1.0,47
La Guajira,Dibulla,2.0,17
La Guajira,Distracción,1.0,63
La Guajira,Distracción,2.0,34
La Guajira,El Molino,1.0,88
La Guajira,El Molino,2.0,28
La Guajira,El Molino,3.0,1
La Guajira,Fonseca,1.0,361
La Guajira,Fonseca,2.0,108
La Guajira,Fonseca,3.0,38
La Guajira,Hatonuevo,1.0,178
La Guajira,Hatonuevo,2.0,37
La Guajira,Hatonuevo,3.0,12
La Guajira,Hatonuevo,5.0,1
La Guajira,La Jagua Del Pilar,1.0,32
La Guajira,La Jagua Del Pilar,2.0,10
La Guajira,Maicao,1.0,1263
La Guajira,Maicao,2.0,323
La Guajira,Maicao,3.0,18
La Guajira,Manaure,1.0,152
La Guajira,Manaure,2.0,53
La Guajira,Manaure,3.0,1
La Guajira,Riohacha,1.0,1372
La Guajira,Riohacha,2.0,355
La Guajira,Riohacha,3.0,160
La Guajira,Riohacha,4.0,6
La Guajira,Riohacha,5.0,4
La Guajira,San Juan Del Cesar,1.0,366
La Guajira,San Juan Del Cesar,2.0,198
La Guajira,San Juan Del Cesar,3.0,12
La Guajira,Uribia,1.0,151
La Guajira,Uribia,2.0,31
La Guajira,Urumita,1.0,143
La Guajira,Urumita,2.0,35
La Guajira,Villanueva,1.0,255
La Guajira,Villanueva,2.0,150
La Guajira,Villanueva,3.0,13
Magdalena,Algarrobo,1.0,144
Magdalena,Aracataca,1.0,312
Magdalena,Aracataca,2.0,35
Magdalena,Aracataca,3.0,1
Magdalena,Ariguaní,1.0,312
Magdalena,Ariguaní,2.0,51
Magdalena,Cerro De San Antonio,1.0,84
Magdalena,Chivolo,1.0,245
Magdalena,Chivolo,2.0,1
Magdalena,Ciénaga,1.0,664
Magdalena,Ciénaga,2.0,269
Magdalena,Ciénaga,3.0,116
Magdalena,Concordia,1.0,118
Magdalena,El Banco,1.0,553
Magdalena,El Banco,2.0,70
Magdalena,El Banco,3.0,17
Magdalena,El Piñón,1.0,92
Magdalena,El Retén,1.0,238
Magdalena,Fundación,1.0,817
Magdalena,Fundación,2.0,146
Magdalena,Fundación,3.0,31
Magdalena,Guamal,1.0,164
Magdalena,Guamal,2.0,13
Magdalena,Nueva Granada,1.0,178
Magdalena,Nueva Granada,2.0,1
Magdalena,Pedraza,1.0,69
Magdalena,Pijiño Del Carmen,1.0,115
Magdalena,Pivijay,1.0,417
Magdalena,Pivijay,2.0,78
Magdalena,Pivijay,3.0,11
Magdalena,Plato,1.0,570
Magdalena,Plato,2.0,105
Magdalena,Plato,3.0,15
Magdalena,Puebloviejo,1.0,86
Magdalena,Remolino,1.0,120
Magdalena,Sabanas De San Ángel,1.0,93
Magdalena,Salamina,1.0,204
Magdalena,Salamina,2.0,5
Magdalena,San Sebastián De Buenavista,1.0,135
Magdalena,San Zenón,1.0,33
Magdalena,Santa Ana,1.0,214
Magdalena,Santa Ana,2.0,14
Magdalena,Santa Bárbara De Pinto,1.0,171
Magdalena,Santa Marta,1.0,1717
Magdalena,Santa Marta,2.0,845
Magdalena,Santa Marta,3.0,1506
Magdalena,Santa Marta,4.0,295
Magdalena,Santa Marta,5.0,65
Magdalena,Santa Marta,6.0,121
Magdalena,Sitionuevo,1.0,202
Magdalena,Tenerife,1.0,164
Magdalena,Zapayán,1.0,86
Magdalena,Zona Bananera,1.0,72
Meta,Acacías,1.0,198
Meta,Acacías,2.0,565
Meta,Acacías,3.0,191
Meta,Acacías,4.0,29
Meta,Barranca De Upía,1.0,65
Meta,Barranca De Upía,2.0,13
Meta,Cabuyaro,1.0,49
Meta,Cabuyaro,2.0,9
Meta,Castilla La Nueva,1.0,22
Meta,Castilla La Nueva,2.0,44
Meta,Castilla La Nueva,3.0,46
Meta,Cubarral,1.0,90
Meta,Cubarral,2.0,23
Meta,Cumaral,1.0,51
Meta,Cumaral,2.0,141
Meta,Cumaral,3.0,31
Meta,El Calvario,1.0,12
Meta,El Calvario,2.0,5
Meta,El Calvario,3.0,1
Meta,El Castillo,1.0,18
Meta,El Castillo,2.0,42
Meta,El Dorado,1.0,41
Meta,El Dorado,2.0,1
Meta,Fuente De Oro,1.0,30
Meta,Fuente De Oro,2.0,84
Meta,Granada,1.0,370
Meta,Granada,2.0,459
Meta,Granada,3.0,101
Meta,Granada,4.0,3
Meta,Guamal,1.0,39
Meta,Guamal,2.0,100
Meta,Guamal,3.0,19
Meta,La Macarena,1.0,86
Meta,La Macarena,2.0,18
Meta,Lejanías,1.0,58
Meta,Lejanías,2.0,34
Meta,Mapiripán,1.0,46
Meta,Mapiripán,2.0,3
Meta,Mesetas,1.0,58
Meta,Mesetas,2.0,29
Meta,Puerto Concordia,1.0,49
Meta,Puerto Concordia,2.0,2
Meta,Puerto Gaitán,1.0,137
Meta,Puerto Gaitán,2.0,126
Meta,Puerto Gaitán,3.0,5
Meta,Puerto Lleras,1.0,32
Meta,Puerto Lleras,2.0,34
Meta,Puerto Lleras,6.0,1
Meta,Puerto López,1.0,148
Meta,Puerto López,2.0,147
Meta,Puerto López,3.0,17
Meta,Puerto Rico,1.0,86
Meta,Puerto Rico,2.0,15
Meta,Restrepo,1.0,74
Meta,Restrepo,2.0,47
Meta,Restrepo,3.0,39
Meta,Restrepo,4.0,1
Meta,San Carlos De Guaroa,1.0,112
Meta,San Carlos De Guaroa,2.0,30
Meta,San Juan De Arama,1.0,26
Meta,San Juan De Arama,2.0,65
Meta,San Juanito,1.0,14
Meta,San Juanito,2.0,9
Meta,San Martín,1.0,53
Meta,San Martín,2.0,204
Meta,San Martín,3.0,40
Meta,Uribe,1.0,40
Meta,Uribe,2.0,1
Meta,Villavicencio,1.0,1811
Meta,Villavicencio,2.0,1557
Meta,Villavicencio,3.0,1698
Meta,Villavicencio,4.0,148
Meta,Villavicencio,5.0,89
Meta,Villavicencio,6.0,14
Meta,Vistahermosa,1.0,95
Meta,Vistahermosa,2.0,48
Nariño,Albán,1.0,38
Nariño,Aldana,1.0,28
Nariño,Ancuya,1.0,26
Nariño,Ancuya,2.0,6
Nariño,Arboleda,1.0,24
Nariño,Barbacoas,1.0,98
Nariño,Belén,1.0,51
Nariño,Belén,2.0,1
Nariño,Buesaco,1.0,84
Nariño,Buesaco,2.0,6
Nariño,Chachagüí,1.0,38
Nariño,Chachagüí,2.0,3
Nariño,Colón,1.0,19
Nariño,Consacá,1.0,22
Nariño,Consacá,2.0,10
Nariño,Contadero,1.0,26
Nariño,Contadero,2.0,8
Nariño,Cuaspud Carlosama,1.0,33
Nariño,Cuaspud Carlosama,2.0,14
Nariño,Cumbal,1.0,143
Nariño,Cumbal,2.0,1
Nariño,Cumbitara,1.0,28
Nariño,Córdoba,1.0,48
Nariño,Córdoba,2.0,13
Nariño,El Charco,1.0,98
Nariño,El Charco,2.0,1
Nariño,El Peñol,1.0,15
Nariño,El Rosario,1.0,34
Nariño,El Tablón De Gómez,1.0,30
Nariño,El Tambo,1.0,64
Nariño,El Tambo,2.0,25
Nariño,Francisco Pizarro,1.0,49
Nariño,Funes,1.0,52
Nariño,Funes,2.0,1
Nariño,Guachucal,1.0,36
Nariño,Guachucal,2.0,1
Nariño,Guaitarilla,1.0,79
Nariño,Guaitarilla,2.0,1
Nariño,Gualmatán,1.0,33
Nariño,Gualmatán,2.0,28
Nariño,Iles,1.0,38
Nariño,Iles,2.0,2
Nariño,Imués,1.0,21
Nariño,Imués,2.0,1
Nariño,Ipiales,1.0,295
Nariño,Ipiales,2.0,367
Nariño,Ipiales,3.0,175
Nariño,Ipiales,4.0,32
Nariño,La Cruz,1.0,94
Nariño,La Cruz,2.0,14
Nariño,La Florida,1.0,39
Nariño,La Florida,2.0,2
Nariño,La Llanada,1.0,63
Nariño,La Tola,1.0,50
Nariño,La Unión,1.0,129
Nariño,La Unión,2.0,8
Nariño,Leiva,1.0,41
Nariño,Linares,1.0,28
Nariño,Linares,2.0,5
Nariño,Los Andes,1.0,76
Nariño,Los Andes,2.0,1
Nariño,Magüí,1.0,37
Nariño,Mallama,1.0,20
Nariño,Mosquera,1.0,45
Nariño,Nariño,1.0,43
Nariño,Nariño,2.0,11
Nariño,Olaya Herrera,1.0,116
Nariño,Olaya Herrera,2.0,4
Nariño,Ospina,1.0,43
Nariño,Pasto,1.0,799
Nariño,Pasto,2.0,1117
Nariño,Pasto,3.0,657
Nariño,Pasto,4.0,195
Nariño,Pasto,5.0,72
Nariño,Policarpa,1.0,36
Nariño,Potosí,1.0,23
Nariño,Potosí,2.0,17
Nariño,Providencia,1.0,26
Nariño,Puerres,1.0,74
Nariño,Puerres,2.0,4
Nariño,Pupiales,1.0,37
Nariño,Pupiales,2.0,32
Nariño,Ricaurte,1.0,39
Nariño,Roberto Payán,1.0,13
Nariño,Samaniego,1.0,125
Nariño,Samaniego,2.0,19
Nariño,San Andrés De Tumaco,1.0,893
Nariño,San Andrés De Tumaco,2.0,11
Nariño,San Andrés De Tumaco,3.0,2
Nariño,San Andrés De Tumaco,4.0,1
Nariño,San Bernardo,1.0,42
Nariño,San Lorenzo,1.0,39
Nariño,San Lorenzo,2.0,3
Nariño,San Pablo,1.0,53
Nariño,San Pablo,2.0,2
Nariño,San Pedro De Cartago,1.0,18
Nariño,Sandoná,1.0,74
Nariño,Sandoná,2.0,40
Nariño,Santa Bárbara,1.0,49
Nariño,Santacruz,1.0,16
Nariño,Sapuyes,1.0,39
Nariño,Taminango,1.0,60
Nariño,Tangua,1.0,47
Nariño,Tangua,2.0,1
Nariño,Túquerres,1.0,159
Nariño,Túquerres,2.0,56
Nariño,Túquerres,3.0,1
Nariño,Yacuanquer,1.0,64
Norte De Santander,Arboledas,1.0,12
Norte De Santander,Arboledas,2.0,31
Norte De Santander,Bochalema,1.0,1
Norte De Santander,Bochalema,2.0,46
Norte De Santander,Bochalema,3.0,2
Norte De Santander,Bucarasica,1.0,7
Norte De Santander,Bucarasica,2.0,5
Norte De Santander,Chinácota,1.0,44
Norte De Santander,Chinácota,2.0,103
Norte De Santander,Chinácota,3.0,36
Norte De Santander,Chinácota,4.0,8
Norte De Santander,Chitagá,1.0,32
Norte De Santander,Chitagá,2.0,35
Norte De Santander,Convención,1.0,95
Norte De Santander,Convención,2.0,68
Norte De Santander,Convención,3.0,7
Norte De Santander,Cucutilla,1.0,5
Norte De Santander,Cucutilla,2.0,26
Norte De Santander,Cáchira,1.0,1
Norte De Santander,Cáchira,2.0,33
Norte De Santander,Cácota,1.0,16
Norte De Santander,Cácota,2.0,5
Norte De Santander,Durania,1.0,12
Norte De Santander,Durania,2.0,25
Norte De Santander,Durania,3.0,9
Norte De Santander,El Carmen,1.0,30
Norte De Santander,El Carmen,2.0,35
Norte De Santander,El Tarra,1.0,140
Norte De Santander,El Tarra,2.0,35
Norte De Santander,El Zulia,1.0,74
Norte De Santander,El Zulia,2.0,149
Norte De Santander,El Zulia,3.0,14
Norte De Santander,Gramalote,1.0,33
Norte De Santander,Gramalote,2.0,35
Norte De Santander,Hacarí,1.0,8
Norte De Santander,Hacarí,2.0,9
Norte De Santander,Herrán,2.0,18
Norte De Santander,La Esperanza,1.0,46
Norte De Santander,La Esperanza,2.0,3
Norte De Santander,La Playa,1.0,4
Norte De Santander,La Playa,2.0,19
Norte De Santander,Labateca,1.0,3
Norte De Santander,Labateca,2.0,29
Norte De Santander,Los Patios,1.0,110
Norte De Santander,Los Patios,2.0,615
Norte De Santander,Los Patios,3.0,127
Norte De Santander,Los Patios,4.0,8
Norte De Santander,Los Patios,5.0,30
Norte De Santander,Los Patios,6.0,5
Norte De Santander,Lourdes,1.0,29
Norte De Santander,Lourdes,2.0,8
Norte De Santander,Mutiscua,2.0,19
Norte De Santander,Ocaña,1.0,785
Norte De Santander,Ocaña,2.0,389
Norte De Santander,Ocaña,3.0,151
Norte De Santander,Ocaña,4.0,49
Norte De Santander,Pamplona,1.0,144
Norte De Santander,Pamplona,2.0,148
Norte De Santander,Pamplona,3.0,107
Norte De Santander,Pamplona,4.0,23
Norte De Santander,Pamplonita,1.0,3
Norte De Santander,Pamplonita,2.0,10
Norte De Santander,Puerto Santander,1.0,18
Norte De Santander,Puerto Santander,2.0,73
Norte De Santander,Ragonvalia,1.0,7
Norte De Santander,Ragonvalia,2.0,54
Norte De Santander,Salazar,1.0,42
Norte De Santander,Salazar,2.0,41
Norte De Santander,San Calixto,1.0,33
Norte De Santander,San Cayetano,1.0,26
Norte De Santander,San Cayetano,2.0,38
Norte De Santander,San José De Cúcuta,1.0,3133
Norte De Santander,San José De Cúcuta,2.0,2804
Norte De Santander,San José De Cúcuta,3.0,905
Norte De Santander,San José De Cúcuta,4.0,370
Norte De Santander,San José De Cúcuta,5.0,68
Norte De Santander,San José De Cúcuta,6.0,4
Norte De Santander,Santiago,1.0,4
Norte De Santander,Santiago,2.0,42
Norte De Santander,Sardinata,1.0,137
Norte De Santander,Sardinata,2.0,21
Norte De Santander,Silos,1.0,2
Norte De Santander,Silos,2.0,19
Norte De Santander,Teorama,1.0,51
Norte De Santander,Teorama,2.0,8
Norte De Santander,Tibú,1.0,119
Norte De Santander,Tibú,2.0,196
Norte De Santander,Tibú,3.0,1
Norte De Santander,Toledo,1.0,8
Norte De Santander,Toledo,2.0,61
Norte De Santander,Toledo,3.0,4
Norte De Santander,Villa Caro,2.0,41
Norte De Santander,Villa Del Rosario,1.0,572
Norte De Santander,Villa Del Rosario,2.0,278
Norte De Santander,Villa Del Rosario,3.0,150
Norte De Santander,Villa Del Rosario,4.0,21
Norte De Santander,Villa Del Rosario,5.0,3
Norte De Santander,Ábrego,1.0,105
Norte De Santander,Ábrego,2.0,107
Putumayo,Colón,1.0,88
Putumayo,Mocoa,1.0,426
Putumayo,Mocoa,2.0,74
Putumayo,Mocoa,3.0,19
Putumayo,Orito,1.0,330
Putumayo,Orito,2.0,35
Putumayo,Puerto Asís,1.0,565
Putumayo,Puerto Asís,2.0,110
Putumayo,Puerto Asís,3.0,15
Putumayo,Puerto Caicedo,1.0,92
Putumayo,Puerto Caicedo,2.0,7
Putumayo,Puerto Guzmán,1.0,85
Putumayo,Puerto Leguízamo,1.0,137
Putumayo,Puerto Leguízamo,2.0,2
Putumayo,Puerto Leguízamo,3.0,1
Putumayo,San Francisco,1.0,80
Putumayo,San Miguel,1.0,96
Putumayo,San Miguel,2.0,6
Putumayo,Santiago,1.0,62
Putumayo,Santiago,2.0,1
Putumayo,Sibundoy,1.0,154
Putumayo,Sibundoy,2.0,15
Putumayo,Valle Del Guamuez,1.0,269
Putumayo,Valle Del Guamuez,2.0,27
Putumayo,Villagarzón,1.0,231
Putumayo,Villagarzón,2.0,33
Quindio,Armenia,1.0,777
Quindio,Armenia,2.0,998
Quindio,Armenia,3.0,1006
Quindio,Armenia,4.0,168
Quindio,Armenia,5.0,182
Quindio,Armenia,6.0,22
Quindio,Buenavista,1.0,4
Quindio,Buenavista,2.0,33
Quindio,Calarcá,1.0,92
Quindio,Calarcá,2.0,378
Quindio,Calarcá,3.0,170
Quindio,Calarcá,4.0,30
Quindio,Calarcá,5.0,1
Quindio,Circasia,1.0,91
Quindio,Circasia,2.0,147
Quindio,Circasia,3.0,31
Quindio,Circasia,4.0,3
Quindio,Córdoba,1.0,77
Quindio,Córdoba,2.0,4
Quindio,Córdoba,3.0,1
Quindio,Filandia,1.0,14
Quindio,Filandia,2.0,78
Quindio,Filandia,3.0,14
Quindio,Génova,1.0,28
Quindio,Génova,2.0,48
Quindio,Génova,3.0,14
Quindio,La Tebaida,1.0,107
Quindio,La Tebaida,2.0,297
Quindio,La Tebaida,3.0,6
Quindio,La Tebaida,4.0,1
Quindio,Montenegro,1.0,199
Quindio,Montenegro,2.0,226
Quindio,Montenegro,3.0,49
Quindio,Pijao,1.0,58
Quindio,Pijao,2.0,18
Quindio,Pijao,3.0,1
Quindio,Quimbaya,1.0,47
Quindio,Quimbaya,2.0,254
Quindio,Quimbaya,3.0,39
Quindio,Salento,1.0,13
Quindio,Salento,2.0,68
Quindio,Salento,3.0,2
Risaralda,Apía,1.0,10
Risaralda,Apía,2.0,52
Risaralda,Apía,3.0,37
Risaralda,Balboa,1.0,9
Risaralda,Balboa,2.0,21
Risaralda,Balboa,3.0,16
Risaralda,Belén De Umbría,1.0,2
Risaralda,Belén De Umbría,2.0,129
Risaralda,Belén De Umbría,3.0,38
Risaralda,Belén De Umbría,4.0,6
Risaralda,Dosquebradas,1.0,312
Risaralda,Dosquebradas,2.0,852
Risaralda,Dosquebradas,3.0,679
Risaralda,Dosquebradas,4.0,71
Risaralda,Dosquebradas,5.0,2
Risaralda,Guática,1.0,29
Risaralda,Guática,2.0,43
Risaralda,Guática,3.0,10
Risaralda,La Celia,1.0,18
Risaralda,La Celia,2.0,32
Risaralda,La Celia,3.0,14
Risaralda,La Virginia,1.0,93
Risaralda,La Virginia,2.0,93
Risaralda,La Virginia,3.0,114
Risaralda,Marsella,1.0,23
Risaralda,Marsella,2.0,97
Risaralda,Marsella,3.0,18
Risaralda,Mistrató,1.0,9
Risaralda,Mistrató,2.0,53
Risaralda,Mistrató,3.0,4
Risaralda,Pereira,1.0,768
Risaralda,Pereira,2.0,1145
Risaralda,Pereira,3.0,770
Risaralda,Pereira,4.0,471
Risaralda,Pereira,5.0,195
Risaralda,Pereira,6.0,129
Risaralda,Pueblo Rico,1.0,25
Risaralda,Pueblo Rico,2.0,29
Risaralda,Pueblo Rico,3.0,2
Risaralda,Quinchía,1.0,34
Risaralda,Quinchía,2.0,46
Risaralda,Quinchía,3.0,63
Risaralda,Santa Rosa De Cabal,1.0,109
Risaralda,Santa Rosa De Cabal,2.0,352
Risaralda,Santa Rosa De Cabal,3.0,258
Risaralda,Santa Rosa De Cabal,4.0,25
Risaralda,Santa Rosa De Cabal,5.0,4
Risaralda,Santa Rosa De Cabal,6.0,1
Risaralda,Santuario,1.0,8
Risaralda,Santuario,2.0,47
Risaralda,Santuario,3.0,36
Santander,Aguada,1.0,1
Santander,Aguada,2.0,12
Santander,Albania,1.0,6
Santander,Albania,2.0,8
Santander,Albania,3.0,1
Santander,Aratoca,1.0,33
Santander,Aratoca,2.0,25
Santander,Barbosa,1.0,64
Santander,Barbosa,2.0,141
Santander,Barbosa,3.0,127
Santander,Barbosa,4.0,1
Santander,Barichara,1.0,4
Santander,Barichara,2.0,39
Santander,Barichara,3.0,40
Santander,Barrancabermeja,1.0,1136
Santander,Barrancabermeja,2.0,943
Santander,Barrancabermeja,3.0,371
Santander,Barrancabermeja,4.0,245
Santander,Barrancabermeja,5.0,14
Santander,Betulia,1.0,21
Santander,Betulia,2.0,38
Santander,Betulia,3.0,1
Santander,Bolívar,1.0,5
Santander,Bolívar,2.0,24
Santander,Bolívar,3.0,1
Santander,Bucaramanga,1.0,1579
Santander,Bucaramanga,2.0,844
Santander,Bucaramanga,3.0,996
Santander,Bucaramanga,4.0,737
Santander,Bucaramanga,5.0,80
Santander,Bucaramanga,6.0,127
Santander,Cabrera,1.0,10
Santander,Cabrera,2.0,8
Santander,California,1.0,14
Santander,California,2.0,6
Santander,Capitanejo,1.0,54
Santander,Capitanejo,2.0,25
Santander,Carcasí,1.0,17
Santander,Carcasí,2.0,2
Santander,Cepitá,1.0,6
Santander,Cepitá,2.0,6
Santander,Cerrito,1.0,49
Santander,Cerrito,2.0,17
Santander,Charalá,1.0,6
Santander,Charalá,2.0,56
Santander,Charalá,3.0,52
Santander,Charta,1.0,23
Santander,Charta,2.0,6
Santander,Chima,1.0,7
Santander,Chima,2.0,11
Santander,Chipatá,2.0,14
Santander,Cimitarra,1.0,120
Santander,Cimitarra,2.0,76
Santander,Cimitarra,3.0,14
Santander,Concepción,1.0,23
Santander,Concepción,2.0,34
Santander,Confines,1.0,6
Santander,Confines,2.0,13
Santander,Contratación,1.0,7
Santander,Contratación,2.0,66
Santander,Coromoro,1.0,3
Santander,Coromoro,2.0,19
Santander,Curití,1.0,23
Santander,Curití,2.0,60
Santander,Curití,3.0,2
Santander,El Carmen De Chucuri,1.0,1
Santander,El Carmen De Chucuri,2.0,43
Santander,El Guacamayo,1.0,2
Santander,El Guacamayo,2.0,15
Santander,El Peñón,1.0,19
Santander,El Peñón,2.0,5
Santander,El Playón,1.0,43
Santander,El Playón,2.0,55
Santander,Encino,1.0,4
Santander,Encino,2.0,8
Santander,Enciso,1.0,5
Santander,Enciso,2.0,15
Santander,Floridablanca,1.0,429
Santander,Floridablanca,2.0,853
Santander,Floridablanca,3.0,532
Santander,Floridablanca,4.0,153
Santander,Floridablanca,5.0,55
Santander,Floridablanca,6.0,11
Santander,Florián,1.0,11
Santander,Florián,2.0,18
Santander,Galán,1.0,10
Santander,Galán,2.0,16
Santander,Girón,1.0,620
Santander,Girón,2.0,482
Santander,Girón,3.0,408
Santander,Girón,4.0,10
Santander,Girón,5.0,1
Santander,Guaca,1.0,22
Santander,Guaca,2.0,19
Santander,Guadalupe,1.0,7
Santander,Guadalupe,2.0,28
Santander,Guapotá,1.0,11
Santander,Guapotá,2.0,11
Santander,Guavatá,1.0,18
Santander,Guavatá,2.0,2
Santander,Gámbita,1.0,6
Santander,Gámbita,2.0,12
Santander,Gámbita,3.0,4
Santander,Güepsa,1.0,35
Santander,Güepsa,2.0,14
Santander,Hato,1.0,9
Santander,Hato,2.0,15
Santander,Jesús María,2.0,16
Santander,Jordán,1.0,4
Santander,La Belleza,1.0,2
Santander,La Belleza,2.0,32
Santander,La Paz,2.0,17
Santander,Landázuri,1.0,30
Santander,Landázuri,2.0,13
Santander,Landázuri,3.0,1
Santander,Lebrija,1.0,78
Santander,Lebrija,2.0,112
Santander,Lebrija,3.0,58
Santander,Lebrija,4.0,1
Santander,Los Santos,1.0,11
Santander,Los Santos,2.0,22
Santander,Macaravita,1.0,4
Santander,Macaravita,2.0,7
Santander,Matanza,1.0,5
Santander,Matanza,2.0,27
Santander,Mogotes,1.0,49
Santander,Mogotes,2.0,25
Santander,Molagavita,1.0,10
Santander,Molagavita,2.0,16
Santander,Málaga,1.0,54
Santander,Málaga,2.0,168
Santander,Málaga,3.0,7
Santander,Ocamonte,1.0,1
Santander,Ocamonte,2.0,21
Santander,Oiba,1.0,9
Santander,Oiba,2.0,63
Santander,Oiba,3.0,29
Santander,Onzaga,1.0,15
Santander,Onzaga,2.0,21
Santander,Palmar,1.0,17
Santander,Palmar,2.0,3
Santander,Palmas Del Socorro,1.0,12
Santander,Palmas Del Socorro,2.0,16
Santander,Piedecuesta,1.0,50
Santander,Piedecuesta,2.0,396
Santander,Piedecuesta,3.0,662
Santander,Piedecuesta,4.0,53
Santander,Piedecuesta,5.0,6
Santander,Pinchote,1.0,4
Santander,Pinchote,2.0,20
Santander,Pinchote,3.0,1
Santander,Puente Nacional,1.0,16
Santander,Puente Nacional,2.0,46
Santander,Puente Nacional,3.0,30
Santander,Puerto Parra,1.0,41
Santander,Puerto Parra,2.0,9
Santander,Puerto Wilches,1.0,252
Santander,Puerto Wilches,2.0,31
Santander,Páramo,1.0,2
Santander,Páramo,2.0,28
Santander,Páramo,3.0,3
Santander,Rionegro,1.0,18
Santander,Rionegro,2.0,47
Santander,Rionegro,3.0,29
Santander,Sabana De Torres,1.0,218
Santander,Sabana De Torres,2.0,109
Santander,Sabana De Torres,3.0,63
Santander,San Andrés,1.0,15
Santander,San Andrés,2.0,50
Santander,San Benito,2.0,6
Santander,San Gil,1.0,13
Santander,San Gil,2.0,282
Santander,San Gil,3.0,353
Santander,San Gil,4.0,36
Santander,San Gil,5.0,3
Santander,San Joaquín,1.0,10
Santander,San Joaquín,2.0,11
Santander,San José De Miranda,1.0,4
Santander,San José De Miranda,2.0,17
Santander,San Miguel,1.0,6
Santander,San Miguel,2.0,11
Santander,San Vicente De Chucurí,1.0,60
Santander,San Vicente De Chucurí,2.0,119
Santander,San Vicente De Chucurí,3.0,4
Santander,Santa Bárbara,2.0,8
Santander,Santa Helena Del Opón,1.0,9
Santander,Santa Helena Del Opón,2.0,9
Santander,Simacota,1.0,8
Santander,Simacota,2.0,36
Santander,Socorro,1.0,12
Santander,Socorro,2.0,263
Santander,Socorro,3.0,89
Santander,Socorro,4.0,8
Santander,Suaita,1.0,11
Santander,Suaita,2.0,37
Santander,Suaita,3.0,4
Santander,Sucre,1.0,13
Santander,Suratá,1.0,16
Santander,Suratá,2.0,16
Santander,Suratá,3.0,1
Santander,Tona,1.0,6
Santander,Tona,2.0,10
Santander,Valle De San José,1.0,1
Santander,Valle De San José,2.0,47
Santander,Valle De San José,3.0,5
Santander,Vetas,1.0,7
Santander,Vetas,2.0,10
Santander,Villanueva,1.0,23
Santander,Villanueva,2.0,61
Santander,Villanueva,3.0,9
Santander,Vélez,1.0,54
Santander,Vélez,2.0,81
Santander,Vélez,3.0,18
Santander,Zapatoca,1.0,45
Santander,Zapatoca,2.0,81
Santander,Zapatoca,3.0,15
Sucre,Buenavista,1.0,153
Sucre,Buenavista,2.0,7
Sucre,Caimito,1.0,81
Sucre,Caimito,2.0,1
Sucre,Chalán,1.0,46
Sucre,Colosó,1.0,74
Sucre,Corozal,1.0,494
Sucre,Corozal,2.0,262
Sucre,Corozal,3.0,22
Sucre,Corozal,4.0,5
Sucre,Coveñas,1.0,63
Sucre,Coveñas,2.0,56
Sucre,Coveñas,3.0,1
Sucre,El Roble,1.0,87
Sucre,Galeras,1.0,183
Sucre,Galeras,2.0,2
Sucre,Guaranda,1.0,129
Sucre,La Unión,1.0,106
Sucre,La Unión,2.0,5
Sucre,Los Palmitos,1.0,127
Sucre,Los Palmitos,2.0,3
Sucre,Majagual,1.0,184
Sucre,Majagual,2.0,2
Sucre,Morroa,1.0,167
Sucre,Morroa,2.0,17
Sucre,Ovejas,1.0,196
Sucre,Ovejas,2.0,4
Sucre,Palmito,1.0,73
Sucre,Sampués,1.0,222
Sucre,Sampués,2.0,102
Sucre,San Benito Abad,1.0,104
Sucre,San Benito Abad,2.0,1
Sucre,San José De Toluviejo,1.0,100
Sucre,San José De Toluviejo,2.0,7
Sucre,San Juan De Betulia,1.0,90
Sucre,San Juan De Betulia,2.0,54
Sucre,San Luis De Sincé,1.0,303
Sucre,San Luis De Sincé,2.0,39
Sucre,San Luis De Sincé,3.0,3
Sucre,San Marcos,1.0,310
Sucre,San Marcos,2.0,74
Sucre,San Marcos,3.0,23
Sucre,San Onofre,1.0,342
Sucre,San Onofre,2.0,10
Sucre,San Pedro,1.0,213
Sucre,San Pedro,2.0,10
Sucre,Santiago De Tolú,1.0,272
Sucre,Santiago De Tolú,2.0,123
Sucre,Sincelejo,1.0,2061
Sucre,Sincelejo,2.0,899
Sucre,Sincelejo,3.0,201
Sucre,Sincelejo,4.0,105
Sucre,Sincelejo,5.0,16
Sucre,Sincelejo,6.0,13
Sucre,Sucre,1.0,108
Tolima,Alpujarra,1.0,9
Tolima,Alpujarra,2.0,46
Tolima,Alvarado,1.0,26
Tolima,Alvarado,2.0,48
Tolima,Ambalema,1.0,93
Tolima,Ambalema,2.0,28
Tolima,Ambalema,3.0,2
Tolima,Anzoátegui,1.0,20
Tolima,Anzoátegui,2.0,15
Tolima,Armero,1.0,98
Tolima,Armero,2.0,53
Tolima,Ataco,1.0,66
Tolima,Ataco,2.0,31
Tolima,Ataco,3.0,1
Tolima,Cajamarca,1.0,11
Tolima,Cajamarca,2.0,114
Tolima,Cajamarca,3.0,15
Tolima,Carmen De Apicalá,1.0,25
Tolima,Carmen De Apicalá,2.0,153
Tolima,Carmen De Apicalá,3.0,12
Tolima,Carmen De Apicalá,4.0,3
Tolima,Carmen De Apicalá,5.0,1
Tolima,Casabianca,1.0,19
Tolima,Casabianca,2.0,21
Tolima,Chaparral,1.0,251
Tolima,Chaparral,2.0,163
Tolima,Chaparral,3.0,47
Tolima,Coello,1.0,18
Tolima,Coello,2.0,20
Tolima,Coyaima,1.0,32
Tolima,Coyaima,2.0,51
Tolima,Cunday,1.0,26
Tolima,Cunday,2.0,39
Tolima,Dolores,1.0,65
Tolima,Dolores,2.0,22
Tolima,Espinal,1.0,143
Tolima,Espinal,2.0,464
Tolima,Espinal,3.0,161
Tolima,Espinal,4.0,16
Tolima,Falan,1.0,16
Tolima,Falan,2.0,18
Tolima,Flandes,1.0,24
Tolima,Flandes,2.0,246
Tolima,Flandes,3.0,179
Tolima,Fresno,1.0,62
Tolima,Fresno,2.0,105
Tolima,Fresno,3.0,21
Tolima,Guamo,1.0,102
Tolima,Guamo,2.0,146
Tolima,Guamo,3.0,6
Tolima,Herveo,1.0,5
Tolima,Herveo,2.0,42
Tolima,Honda,1.0,173
Tolima,Honda,2.0,193
Tolima,Honda,3.0,65
Tolima,Honda,4.0,8
Tolima,Ibagué,1.0,1004
Tolima,Ibagué,2.0,2527
Tolima,Ibagué,3.0,1047
Tolima,Ibagué,4.0,280
Tolima,Ibagué,5.0,51
Tolima,Ibagué,6.0,6
Tolima,Icononzo,1.0,30
Tolima,Icononzo,2.0,38
Tolima,Lérida,1.0,89
Tolima,Lérida,2.0,229
Tolima,Lérida,3.0,12
Tolima,Líbano,1.0,60
Tolima,Líbano,2.0,190
Tolima,Líbano,3.0,76
Tolima,Líbano,4.0,8
Tolima,Melgar,1.0,76
Tolima,Melgar,2.0,221
Tolima,Melgar,3.0,120
Tolima,Melgar,4.0,8
Tolima,Melgar,5.0,8
Tolima,Murillo,1.0,22
Tolima,Murillo,2.0,20
Tolima,Natagaima,1.0,73
Tolima,Natagaima,2.0,72
Tolima,Natagaima,3.0,8
Tolima,Ortega,1.0,28
Tolima,Ortega,2.0,65
Tolima,Ortega,3.0,4
Tolima,Palocabildo,1.0,17
Tolima,Palocabildo,2.0,35
Tolima,Palocabildo,3.0,3
Tolima,Piedras,1.0,29
Tolima,Piedras,2.0,33
Tolima,Planadas,1.0,79
Tolima,Planadas,2.0,57
Tolima,Planadas,3.0,1
Tolima,Prado,1.0,61
Tolima,Prado,2.0,31
Tolima,Purificación,1.0,107
Tolima,Purificación,2.0,129
Tolima,Purificación,3.0,1
Tolima,Rioblanco,1.0,51
Tolima,Rioblanco,2.0,19
Tolima,Roncesvalles,1.0,16
Tolima,Roncesvalles,2.0,31
Tolima,Rovira,1.0,120
Tolima,Rovira,2.0,50
Tolima,Rovira,3.0,3
Tolima,Saldaña,1.0,40
Tolima,Saldaña,2.0,88
Tolima,Saldaña,3.0,3
Tolima,San Antonio,1.0,41
Tolima,San Antonio,2.0,33
Tolima,San Luis,1.0,45
Tolima,San Luis,2.0,12
Tolima,San Sebastián De Mariquita,1.0,254
Tolima,San Sebastián De Mariquita,2.0,159
Tolima,San Sebastián De Mariquita,3.0,14
Tolima,Santa Isabel,1.0,31
Tolima,Santa Isabel,2.0,14
Tolima,Suárez,1.0,21
Tolima,Suárez,2.0,13
Tolima,Valle De San Juan,1.0,36
Tolima,Valle De San Juan,2.0,14
Tolima,Venadillo,1.0,76
Tolima,Venadillo,2.0,66
Tolima,Villahermosa,1.0,24
Tolima,Villahermosa,2.0,47
Tolima,Villarrica,1.0,37
Tolima,Villarrica,2.0,15
Valle Del Cauca,Alcalá,1.0,51
Valle Del Cauca,Alcalá,2.0,84
Valle Del Cauca,Alcalá,3.0,7
Valle Del Cauca,Andalucía,1.0,32
Valle Del Cauca,Andalucía,2.0,167
Valle Del Cauca,Andalucía,3.0,1
Valle Del Cauca,Ansermanuevo,1.0,71
Valle Del Cauca,Ansermanuevo,2.0,69
Valle Del Cauca,Ansermanuevo,3.0,4
Valle Del Cauca,Argelia,1.0,24
Valle Del Cauca,Argelia,2.0,33
Valle Del Cauca,Bolívar,1.0,39
Valle Del Cauca,Bolívar,2.0,51
Valle Del Cauca,Bolívar,3.0,5
Valle Del Cauca,Buenaventura,1.0,1877
Valle Del Cauca,Buenaventura,2.0,311
Valle Del Cauca,Buenaventura,3.0,302
Valle Del Cauca,Buenaventura,4.0,15
Valle Del Cauca,Bugalagrande,1.0,54
Valle Del Cauca,Bugalagrande,2.0,84
Valle Del Cauca,Bugalagrande,3.0,13
Valle Del Cauca,Caicedonia,1.0,2
Valle Del Cauca,Caicedonia,2.0,155
Valle Del Cauca,Caicedonia,3.0,116
Valle Del Cauca,Caicedonia,4.0,4
Valle Del Cauca,Caicedonia,5.0,1
Valle Del Cauca,Cali,1.0,3365
Valle Del Cauca,Cali,2.0,3646
Valle Del Cauca,Cali,3.0,3853
Valle Del Cauca,Cali,4.0,1095
Valle Del Cauca,Cali,5.0,874
Valle Del Cauca,Cali,6.0,306
Valle Del Cauca,Calima,1.0,65
Valle Del Cauca,Calima,2.0,117
Valle Del Cauca,Calima,3.0,9
Valle Del Cauca,Candelaria,1.0,26
Valle Del Cauca,Candelaria,2.0,105
Valle Del Cauca,Candelaria,3.0,27
Valle Del Cauca,Cartago,1.0,206
Valle Del Cauca,Cartago,2.0,608
Valle Del Cauca,Cartago,3.0,575
Valle Del Cauca,Cartago,4.0,121
Valle Del Cauca,Cartago,5.0,33
Valle Del Cauca,Cartago,6.0,2
Valle Del Cauca,Dagua,1.0,109
Valle Del Cauca,Dagua,2.0,68
Valle Del Cauca,Dagua,3.0,8
Valle Del Cauca,El Cairo,1.0,32
Valle Del Cauca,El Cairo,2.0,28
Valle Del Cauca,El Cerrito,1.0,144
Valle Del Cauca,El Cerrito,2.0,265
Valle Del Cauca,El Cerrito,3.0,24
Valle Del Cauca,El Dovio,1.0,41
Valle Del Cauca,El Dovio,2.0,61
Valle Del Cauca,El Águila,1.0,20
Valle Del Cauca,El Águila,2.0,37
Valle Del Cauca,El Águila,3.0,3
Valle Del Cauca,Florida,1.0,207
Valle Del Cauca,Florida,2.0,173
Valle Del Cauca,Florida,3.0,24
Valle Del Cauca,Ginebra,1.0,18
Valle Del Cauca,Ginebra,2.0,104
Valle Del Cauca,Ginebra,3.0,31
Valle Del Cauca,Guacarí,1.0,13
Valle Del Cauca,Guacarí,2.0,204
Valle Del Cauca,Guacarí,3.0,1
Valle Del Cauca,Guadalajara De Buga,1.0,175
Valle Del Cauca,Guadalajara De Buga,2.0,444
Valle Del Cauca,Guadalajara De Buga,3.0,247
Valle Del Cauca,Guadalajara De Buga,4.0,127
Valle Del Cauca,Guadalajara De Buga,5.0,68
Valle Del Cauca,Guadalajara De Buga,6.0,6
Valle Del Cauca,Jamundí,1.0,36
Valle Del Cauca,Jamundí,2.0,642
Valle Del Cauca,Jamundí,3.0,204
Valle Del Cauca,Jamundí,4.0,76
Valle Del Cauca,Jamundí,5.0,44
Valle Del Cauca,La Cumbre,1.0,18
Valle Del Cauca,La Cumbre,2.0,42
Valle Del Cauca,La Unión,1.0,139
Valle Del Cauca,La Unión,2.0,156
Valle Del Cauca,La Unión,3.0,15
Valle Del Cauca,La Victoria,1.0,69
Valle Del Cauca,La Victoria,2.0,63
Valle Del Cauca,La Victoria,3.0,1
Valle Del Cauca,Obando,1.0,71
Valle Del Cauca,Obando,2.0,35
Valle Del Cauca,Palmira,1.0,102
Valle Del Cauca,Palmira,2.0,1352
Valle Del Cauca,Palmira,3.0,823
Valle Del Cauca,Palmira,4.0,203
Valle Del Cauca,Palmira,5.0,50
Valle Del Cauca,Pradera,1.0,149
Valle Del Cauca,Pradera,2.0,213
Valle Del Cauca,Pradera,3.0,68
Valle Del Cauca,Restrepo,1.0,31
Valle Del Cauca,Restrepo,2.0,112
Valle Del Cauca,Restrepo,3.0,15
Valle Del Cauca,Riofrío,1.0,52
Valle Del Cauca,Riofrío,2.0,38
Valle Del Cauca,Riofrío,3.0,2
Valle Del Cauca,Roldanillo,1.0,110
Valle Del Cauca,Roldanillo,2.0,205
Valle Del Cauca,Roldanillo,3.0,76
Valle Del Cauca,Roldanillo,4.0,2
Valle Del Cauca,San Pedro,1.0,7
Valle Del Cauca,San Pedro,2.0,55
Valle Del Cauca,San Pedro,3.0,12
Valle Del Cauca,Sevilla,1.0,115
Valle Del Cauca,Sevilla,2.0,179
Valle Del Cauca,Sevilla,3.0,78
Valle Del Cauca,Sevilla,4.0,1
Valle Del Cauca,Toro,1.0,46
Valle Del Cauca,Toro,2.0,89
Valle Del Cauca,Toro,3.0,9
Valle Del Cauca,Trujillo,1.0,27
Valle Del Cauca,Trujillo,2.0,57
Valle Del Cauca,Trujillo,3.0,11
Valle Del Cauca,Tuluá,1.0,52
Valle Del Cauca,Tuluá,2.0,755
Valle Del Cauca,Tuluá,3.0,557
Valle Del Cauca,Tuluá,4.0,111
Valle Del Cauca,Tuluá,5.0,155
Valle Del Cauca,Tuluá,6.0,1
Valle Del Cauca,Ulloa,1.0,10
Valle Del Cauca,Ulloa,2.0,30
Valle Del Cauca,Ulloa,3.0,1
Valle Del Cauca,Versalles,1.0,29
Valle Del Cauca,Versalles,2.0,20
Valle Del Cauca,Versalles,3.0,36
Valle Del Cauca,Vijes,1.0,5
Valle Del Cauca,Vijes,2.0,113
Valle Del Cauca,Vijes,3.0,10
Valle Del Cauca,Yotoco,1.0,22
Valle Del Cauca,Yotoco,2.0,72
Valle Del Cauca,Yotoco,3.0,2
Valle Del Cauca,Yumbo,1.0,319
Valle Del Cauca,Yumbo,2.0,500
Valle Del Cauca,Yumbo,3.0,113
Valle Del Cauca,Yumbo,5.0,2
Valle Del Cauca,Yumbo,6.0,1
Valle Del Cauca,Zarzal,1.0,62
Valle Del Cauca,Zarzal,2.0,222
Valle Del Cauca,Zarzal,3.0,73
Vaupés,Carurú,1.0,18
Vaupés,Carurú,2.0,1
Vaupés,Mitú,1.0,98
Vaupés,Mitú,3.0,1
Vaupés,Taraira,1.0,13
Vaupés,Taraira,3.0,1
Vichada,Cumaribo,1.0,82
Vichada,La Primavera,1.0,144
Vichada,La Primavera,2.0,4
Vichada,Puerto Carreño,1.0,203
Vichada,Puerto Carreño,2.0,46
Vichada,Puerto Carreño,3.0,6
Vichada,Santa Rosalía,1.0,50
Vichada,Santa Rosalía,2.0,1
